TEGALREJO;Kristen;1.480;1.681;3.161
TEGALREJO;Katolik;1.715;1.923;3.638
TEGALREJO;Hindu;13;10;23
TEGALREJO;Buddha;36;49;85
TEGALREJO;Konghucu;2;0;2
TEGALREJO;Aliran Kepercayaan;0;0;0
JETIS;Kristen;1.233;1.426;2.659
JETIS;Katolik;1.746;1.969;3.715
JETIS;Hindu;7;9;16
JETIS;Buddha;87;74;161
JETIS;Konghucu;8;5;13
JETIS;Aliran Kepercayaan;1;0;1
GONDOKUSUMAN;Kristen;2.498;2.744;5.242
GONDOKUSUMAN;Katolik;2.200;2.692;4.892
GONDOKUSUMAN;Hindu;69;57;126
GONDOKUSUMAN;Buddha;47;52;99
GONDOKUSUMAN;Konghucu;2;2;4
GONDOKUSUMAN;Aliran Kepercayaan;2;5;7
DANUREJAN;Kristen;610;715;1.325
DANUREJAN;Katolik;993;1.160;2.153
DANUREJAN;Hindu;7;10;17
DANUREJAN;Buddha;25;35;60
DANUREJAN;Konghucu;2;1;3
DANUREJAN;Aliran Kepercayaan;0;1;1
GEDONGTENGEN;Kristen;797;887;1.684
GEDONGTENGEN;Katolik;1.243;1.393;2.636
GEDONGTENGEN;Hindu;13;7;20
GEDONGTENGEN;Buddha;76;108;184
GEDONGTENGEN;Konghucu;3;0;3
GEDONGTENGEN;Aliran Kepercayaan;1;0;1
NGAMPILAN;Kristen;438;496;934
NGAMPILAN;Katolik;683;814;1.497
NGAMPILAN;Hindu;10;11;21
NGAMPILAN;Buddha;34;34;68
NGAMPILAN;Konghucu;1;0;1
NGAMPILAN;Aliran Kepercayaan;0;0;0
WIROBRAJAN;Kristen;559;599;1.158
WIROBRAJAN;Katolik;1.746;1.995;3.741
WIROBRAJAN;Hindu;22;20;42
WIROBRAJAN;Buddha;34;29;63
WIROBRAJAN;Konghucu;0;0;0
WIROBRAJAN;Aliran Kepercayaan;2;5;7
MANTRIJERON;Kristen;646;732;1.378
MANTRIJERON;Katolik;1.961;2.176;4.137
MANTRIJERON;Hindu;12;15;27
MANTRIJERON;Buddha;37;41;78
MANTRIJERON;Konghucu;0;0;0
MANTRIJERON;Aliran Kepercayaan;0;1;1
KRATON;Kristen;267;298;565
KRATON;Katolik;1.223;1.362;2.585
KRATON;Hindu;9;10;19
KRATON;Buddha;1;1;2
KRATON;Konghucu;0;0;0
KRATON;Aliran Kepercayaan;1;0;1
GONDOMANAN;Kristen;753;873;1.626
GONDOMANAN;Katolik;943;999;1.942
GONDOMANAN;Hindu;3;6;9
GONDOMANAN;Buddha;75;82;157
GONDOMANAN;Konghucu;0;0;0
GONDOMANAN;Aliran Kepercayaan;1;0;1
PAKUALAMAN;Kristen;328;376;704
PAKUALAMAN;Katolik;704;846;1.550
PAKUALAMAN;Hindu;16;10;26
PAKUALAMAN;Buddha;10;21;31
PAKUALAMAN;Konghucu;0;0;0
PAKUALAMAN;Aliran Kepercayaan;0;0;0
MERGANGSAN;Kristen;875;1.025;1.900
MERGANGSAN;Katolik;1.318;1.544;2.862
MERGANGSAN;Hindu;27;16;43
MERGANGSAN;Buddha;27;32;59
MERGANGSAN;Konghucu;0;0;0
MERGANGSAN;Aliran Kepercayaan;0;0;0
UMBULHARJO;Kristen;1.411;1.467;2.878
UMBULHARJO;Katolik;2.182;2.481;4.663
UMBULHARJO;Hindu;33;33;66
UMBULHARJO;Buddha;56;49;105
UMBULHARJO;Konghucu;0;0;0
UMBULHARJO;Aliran Kepercayaan;6;4;10
KOTAGEDE;Kristen;462;508;970
KOTAGEDE;Katolik;510;567;1.077
KOTAGEDE;Hindu;13;10;23
KOTAGEDE;Buddha;9;10;19
KOTAGEDE;Konghucu;0;0;0
KOTAGEDE;Aliran Kepercayaan;0;0;0
