SIDOMULYO;KRISTEN;59;63;122
SIDOMULYO;KATOLIK;214;241;455
SIDOMULYO;HINDU;0;1;1
SIDOMULYO;BUDDHA;0;1;1
SIDOMULYO;KHONGHUCU;0;0;0
SIDOMULYO;ALIRAN KEPERCAYAAN;0;0;0
MULYODADI;KRISTEN;46;48;94
MULYODADI;KATOLIK;315;323;638
MULYODADI;HINDU;0;0;0
MULYODADI;BUDDHA;0;0;0
MULYODADI;KHONGHUCU;0;0;0
MULYODADI;ALIRAN KEPERCAYAAN;1;0;1
SUMBER MULYO;KRISTEN;68;62;130
SUMBER MULYO;KATOLIK;1.267;1.398;2.665
SUMBER MULYO;HINDU;4;6;10
SUMBER MULYO;BUDDHA;1;2;3
SUMBER MULYO;KHONGHUCU;0;0;0
SUMBER MULYO;ALIRAN KEPERCAYAAN;0;0;0
