BATURETNO;KRISTEN;363;379;742
BATURETNO;KATOLIK;248;276;524
BATURETNO;HINDU;10;11;21
BATURETNO;BUDDHA;3;2;5
BATURETNO;KHONGHUCU;0;0;0
BATURETNO;ALIRAN KEPERCAYAAN;0;0;0
BANGUNTAPAN;KRISTEN;918;950;1.868
BANGUNTAPAN;KATOLIK;1.364;1.415;2.779
BANGUNTAPAN;HINDU;229;193;422
BANGUNTAPAN;BUDDHA;14;14;28
BANGUNTAPAN;KHONGHUCU;0;0;0
BANGUNTAPAN;ALIRAN KEPERCAYAAN;0;3;3
JAGALAN;KRISTEN;9;12;21
JAGALAN;KATOLIK;12;2;14
JAGALAN;HINDU;0;0;0
JAGALAN;BUDDHA;0;0;0
JAGALAN;KHONGHUCU;0;0;0
JAGALAN;ALIRAN KEPERCAYAAN;0;0;0
SINGOSAREN;KRISTEN;3;5;8
SINGOSAREN;KATOLIK;4;2;6
SINGOSAREN;HINDU;3;1;4
SINGOSAREN;BUDDHA;1;0;1
SINGOSAREN;KHONGHUCU;0;0;0
SINGOSAREN;ALIRAN KEPERCAYAAN;0;0;0
JAMBITAN;KRISTEN;34;42;76
JAMBITAN;KATOLIK;37;42;79
JAMBITAN;HINDU;2;3;5
JAMBITAN;BUDDHA;0;1;1
JAMBITAN;KHONGHUCU;0;0;0
JAMBITAN;ALIRAN KEPERCAYAAN;0;0;0
POTORONO;KRISTEN;80;80;160
POTORONO;KATOLIK;90;103;193
POTORONO;HINDU;4;5;9
POTORONO;BUDDHA;8;5;13
POTORONO;KHONGHUCU;0;0;0
POTORONO;ALIRAN KEPERCAYAAN;0;0;0
TAMANAN;KRISTEN;52;61;113
TAMANAN;KATOLIK;75;78;153
TAMANAN;HINDU;10;7;17
TAMANAN;BUDDHA;0;0;0
TAMANAN;KHONGHUCU;0;0;0
TAMANAN;ALIRAN KEPERCAYAAN;0;0;0
WIROKERTEN;KRISTEN;70;83;153
WIROKERTEN;KATOLIK;39;38;77
WIROKERTEN;HINDU;3;3;6
WIROKERTEN;BUDDHA;1;2;3
WIROKERTEN;KHONGHUCU;0;0;0
WIROKERTEN;ALIRAN KEPERCAYAAN;0;0;0
