MANGUNAN;KRISTEN;0;0;0
MANGUNAN;KATOLIK;1;0;1
MANGUNAN;HINDU;0;0;0
MANGUNAN;BUDDHA;0;0;0
MANGUNAN;KHONGHUCU;0;0;0
MANGUNAN;ALIRAN KEPERCAYAAN;0;0;0
MUNTUK;KRISTEN;18;24;42
MUNTUK;KATOLIK;0;1;1
MUNTUK;HINDU;0;0;0
MUNTUK;BUDDHA;0;0;0
MUNTUK;KHONGHUCU;0;0;0
MUNTUK;ALIRAN KEPERCAYAAN;0;0;0
DLINGO;KRISTEN;0;1;1
DLINGO;KATOLIK;5;4;9
DLINGO;HINDU;0;0;0
DLINGO;BUDDHA;0;0;0
DLINGO;KHONGHUCU;0;0;0
DLINGO;ALIRAN KEPERCAYAAN;0;0;0
TEMUWUH;KRISTEN;2;3;5
TEMUWUH;KATOLIK;0;1;1
TEMUWUH;HINDU;0;0;0
TEMUWUH;BUDDHA;0;0;0
TEMUWUH;KHONGHUCU;0;0;0
TEMUWUH;ALIRAN KEPERCAYAAN;1;1;2
TERONG;KRISTEN;2;1;3
TERONG;KATOLIK;0;0;0
TERONG;HINDU;0;0;0
TERONG;BUDDHA;0;0;0
TERONG;KHONGHUCU;0;0;0
TERONG;ALIRAN KEPERCAYAAN;0;0;0
JATIMULYO;KRISTEN;4;6;10
JATIMULYO;KATOLIK;0;0;0
JATIMULYO;HINDU;0;0;0
JATIMULYO;BUDDHA;0;0;0
JATIMULYO;KHONGHUCU;0;0;0
JATIMULYO;ALIRAN KEPERCAYAAN;0;0;0
