CATUHARJO;KRISTEN;9;11;20
CATUHARJO;KATOLIK;22;28;50
CATUHARJO;HINDU;0;0;0
CATUHARJO;BUDDHA;0;0;0
CATUHARJO;KHONGHUCU;0;0;0
CATUHARJO;ALIRAN KEPERCAYAAN;0;0;0
TRIHARJO;KRISTEN;43;57;100
TRIHARJO;KATOLIK;47;46;93
TRIHARJO;HINDU;0;0;0
TRIHARJO;BUDDHA;0;0;0
TRIHARJO;KHONGHUCU;0;0;0
TRIHARJO;ALIRAN KEPERCAYAAN;1;1;2
GILANG HARJO;KRISTEN;44;56;100
GILANG HARJO;KATOLIK;477;506;983
GILANG HARJO;HINDU;2;4;6
GILANG HARJO;BUDDHA;0;0;0
GILANG HARJO;KHONGHUCU;1;0;1
GILANG HARJO;ALIRAN KEPERCAYAAN;0;0;0
WIJIREJO;KRISTEN;65;77;142
WIJIREJO;KATOLIK;177;228;405
WIJIREJO;HINDU;2;2;4
WIJIREJO;BUDDHA;0;1;1
WIJIREJO;KHONGHUCU;0;0;0
WIJIREJO;ALIRAN KEPERCAYAAN;1;0;1
