GADINGSARI;KRISTEN;3;3;6
GADINGSARI;KATOLIK;22;12;34
GADINGSARI;HINDU;0;0;0
GADINGSARI;BUDDHA;0;0;0
GADINGSARI;KHONGHUCU;0;0;0
GADINGSARI;ALIRAN KEPERCAYAAN;0;0;0
GADINGHARJO;KRISTEN;2;3;5
GADINGHARJO;KATOLIK;5;4;9
GADINGHARJO;HINDU;0;0;0
GADINGHARJO;BUDDHA;0;0;0
GADINGHARJO;KHONGHUCU;0;0;0
GADINGHARJO;ALIRAN KEPERCAYAAN;0;0;0
SRI GADING;KRISTEN;6;15;21
SRI GADING;KATOLIK;47;49;96
SRI GADING;HINDU;1;1;2
SRI GADING;BUDDHA;0;0;0
SRI GADING;KHONGHUCU;0;0;0
SRI GADING;ALIRAN KEPERCAYAAN;0;0;0
MURTIGADING;KRISTEN;2;5;7
MURTIGADING;KATOLIK;21;28;49
MURTIGADING;HINDU;0;0;0
MURTIGADING;BUDDHA;0;0;0
MURTIGADING;KHONGHUCU;0;0;0
MURTIGADING;ALIRAN KEPERCAYAAN;0;0;0
