ARGODADI;KRISTEN;56;69;125
ARGODADI;KATOLIK;90;92;182
ARGODADI;HINDU;0;0;0
ARGODADI;BUDDHA;0;0;0
ARGODADI;KHONGHUCU;0;0;0
ARGODADI;ALIRAN KEPERCAYAAN;0;0;0
ARGOREJO;KRISTEN;161;174;335
ARGOREJO;KATOLIK;400;399;799
ARGOREJO;HINDU;2;3;5
ARGOREJO;BUDDHA;2;2;4
ARGOREJO;KHONGHUCU;0;0;0
ARGOREJO;ALIRAN KEPERCAYAAN;0;0;0
ARGOSARI;KRISTEN;41;36;77
ARGOSARI;KATOLIK;450;476;926
ARGOSARI;HINDU;1;0;1
ARGOSARI;BUDDHA;1;0;1
ARGOSARI;KHONGHUCU;0;0;0
ARGOSARI;ALIRAN KEPERCAYAAN;0;0;0
ARGOMULYO;KRISTEN;187;175;362
ARGOMULYO;KATOLIK;314;322;636
ARGOMULYO;HINDU;0;0;0
ARGOMULYO;BUDDHA;3;1;4
ARGOMULYO;KHONGHUCU;0;0;0
ARGOMULYO;ALIRAN KEPERCAYAAN;0;0;0
