﻿BALONG;Kristen;37;49;86
BALONG;Katolik;3;3;6
BALONG;Hindu;0;0;0
BALONG;Budhha;0;0;0
BALONG;Konghucu;0;0;0
BALONG;Aliran Kepercayaan;0;0;0
JEPUTI;Kristen;27;32;59
JEPUTI;Katolik;0;0;0
JEPUTI;Hindu;0;0;0
JEPUTI;Budhha;0;0;0
JEPUTI;Konghucu;0;0;0
JEPUTI;Aliran Kepercayaan;0;2;2
KARANGAWEN;Kristen;222;221;443
KARANGAWEN;Katolik;5;3;8
KARANGAWEN;Hindu;0;0;0
KARANGAWEN;Budhha;0;0;0
KARANGAWEN;Konghucu;0;0;0
KARANGAWEN;Aliran Kepercayaan;0;0;0
NGLINDUR;Kristen;0;0;0
NGLINDUR;Katolik;0;0;0
NGLINDUR;Hindu;0;0;0
NGLINDUR;Budhha;0;0;0
NGLINDUR;Konghucu;0;0;0
NGLINDUR;Aliran Kepercayaan;38;42;80
JERUKWUDEL;Kristen;6;6;12
JERUKWUDEL;Katolik;13;10;23
JERUKWUDEL;Hindu;0;0;0
JERUKWUDEL;Budhha;0;0;0
JERUKWUDEL;Konghucu;0;0;0
JERUKWUDEL;Aliran Kepercayaan;22;20;42
TILENG;Kristen;6;4;10
TILENG;Katolik;21;30;51
TILENG;Hindu;0;0;0
TILENG;Budhha;0;0;0
TILENG;Konghucu;0;0;0
TILENG;Aliran Kepercayaan;3;2;5
PUCUNG;Kristen;0;0;0
PUCUNG;Katolik;4;3;7
PUCUNG;Hindu;0;0;0
PUCUNG;Budhha;0;0;0
PUCUNG;Konghucu;0;0;0
PUCUNG;Aliran Kepercayaan;2;0;2
SONGBANYU;Kristen;1;0;1
SONGBANYU;Katolik;2;3;5
SONGBANYU;Hindu;0;0;0
SONGBANYU;Budhha;0;0;0
SONGBANYU;Konghucu;0;0;0
SONGBANYU;Aliran Kepercayaan;1;0;1
