﻿GIRIKARTO;Kristen;5;6;11
GIRIKARTO;Katolik;15;10;25
GIRIKARTO;Hindu;0;0;0
GIRIKARTO;Budhha;137;167;304
GIRIKARTO;Konghucu;0;0;0
GIRIKARTO;Aliran Kepercayaan;0;0;0
GIRISEKAR;Kristen;52;64;116
GIRISEKAR;Katolik;45;53;98
GIRISEKAR;Hindu;0;0;0
GIRISEKAR;Budhha;0;0;0
GIRISEKAR;Konghucu;0;0;0
GIRISEKAR;Aliran Kepercayaan;3;2;5
GIRIMULYO;Kristen;25;24;49
GIRIMULYO;Katolik;0;0;0
GIRIMULYO;Hindu;0;0;0
GIRIMULYO;Budhha;0;0;0
GIRIMULYO;Konghucu;0;0;0
GIRIMULYO;Aliran Kepercayaan;0;0;0
GIRIWUNGU;Kristen;1;3;4
GIRIWUNGU;Katolik;2;2;4
GIRIWUNGU;Hindu;0;0;0
GIRIWUNGU;Budhha;11;14;25
GIRIWUNGU;Konghucu;0;0;0
GIRIWUNGU;Aliran Kepercayaan;0;0;0
GIRIHARJO;Kristen;12;13;25
GIRIHARJO;Katolik;31;35;66
GIRIHARJO;Hindu;0;0;0
GIRIHARJO;Budhha;0;0;0
GIRIHARJO;Konghucu;0;0;0
GIRIHARJO;Aliran Kepercayaan;1;0;1
GIRISUKO;Kristen;96;95;191
GIRISUKO;Katolik;0;3;3
GIRISUKO;Hindu;0;0;0
GIRISUKO;Budhha;0;0;0
GIRISUKO;Konghucu;0;0;0
GIRISUKO;Aliran Kepercayaan;2;1;3
