﻿BUNDER;Kristen;6;7;13
BUNDER;Katolik;5;8;13
BUNDER;Hindu;1;1;2
BUNDER;Budhha;0;0;0
BUNDER;Konghucu;0;0;0
BUNDER;Aliran Kepercayaan;0;0;0
BEJI;Kristen;7;8;15
BEJI;Katolik;1;4;5
BEJI;Hindu;0;0;0
BEJI;Budhha;0;0;0
BEJI;Konghucu;0;0;0
BEJI;Aliran Kepercayaan;0;0;0
PENGKOK;Kristen;49;55;104
PENGKOK;Katolik;0;0;0
PENGKOK;Hindu;0;0;0
PENGKOK;Budhha;0;0;0
PENGKOK;Konghucu;0;0;0
PENGKOK;Aliran Kepercayaan;0;0;0
SEMOYO;Kristen;0;0;0
SEMOYO;Katolik;0;0;0
SEMOYO;Hindu;0;0;0
SEMOYO;Budhha;0;0;0
SEMOYO;Konghucu;0;0;0
SEMOYO;Aliran Kepercayaan;0;0;0
SALAM;Kristen;10;5;15
SALAM;Katolik;2;1;3
SALAM;Hindu;0;0;0
SALAM;Budhha;0;0;0
SALAM;Konghucu;0;0;0
SALAM;Aliran Kepercayaan;0;0;0
PATUK;Kristen;1;2;3
PATUK;Katolik;0;0;0
PATUK;Hindu;0;1;1
PATUK;Budhha;0;0;0
PATUK;Konghucu;0;0;0
PATUK;Aliran Kepercayaan;0;0;0
NGORO-ORO;Kristen;1;0;1
NGORO-ORO;Katolik;0;0;0
NGORO-ORO;Hindu;0;0;0
NGORO-ORO;Budhha;0;0;0
NGORO-ORO;Konghucu;0;0;0
NGORO-ORO;Aliran Kepercayaan;0;0;0
NGLANGGERAN;Kristen;7;4;11
NGLANGGERAN;Katolik;25;20;45
NGLANGGERAN;Hindu;0;0;0
NGLANGGERAN;Budhha;0;0;0
NGLANGGERAN;Konghucu;0;0;0
NGLANGGERAN;Aliran Kepercayaan;0;0;0
PUTAT;Kristen;13;17;30
PUTAT;Katolik;12;14;26
PUTAT;Hindu;0;1;1
PUTAT;Budhha;0;0;0
PUTAT;Konghucu;0;0;0
PUTAT;Aliran Kepercayaan;0;0;0
NGLEGI;Kristen;2;2;4
NGLEGI;Katolik;1;0;1
NGLEGI;Hindu;0;0;0
NGLEGI;Budhha;0;0;0
NGLEGI;Konghucu;0;0;0
NGLEGI;Aliran Kepercayaan;0;0;0
TERBAH;Kristen;18;14;32
TERBAH;Katolik;5;7;12
TERBAH;Hindu;0;0;0
TERBAH;Budhha;0;0;0
TERBAH;Konghucu;0;0;0
TERBAH;Aliran Kepercayaan;0;0;0
