﻿BANYUSOCO;Kristen;87;83;170
BANYUSOCO;Katolik;7;6;13
BANYUSOCO;Hindu;0;0;0
BANYUSOCO;Budhha;0;0;0
BANYUSOCO;Konghucu;0;0;0
BANYUSOCO;Aliran Kepercayaan;0;0;0
PLEMBUTAN;Kristen;2;4;6
PLEMBUTAN;Katolik;19;25;44
PLEMBUTAN;Hindu;0;0;0
PLEMBUTAN;Budhha;0;0;0
PLEMBUTAN;Konghucu;0;0;0
PLEMBUTAN;Aliran Kepercayaan;0;0;0
BLEBERAN;Kristen;33;41;74
BLEBERAN;Katolik;8;9;17
BLEBERAN;Hindu;0;0;0
BLEBERAN;Budhha;0;0;0
BLEBERAN;Konghucu;0;0;0
BLEBERAN;Aliran Kepercayaan;0;0;0
GETAS;Kristen;0;1;1
GETAS;Katolik;0;0;0
GETAS;Hindu;0;0;0
GETAS;Budhha;0;0;0
GETAS;Konghucu;0;0;0
GETAS;Aliran Kepercayaan;0;0;0
DENGOK;Kristen;11;9;20
DENGOK;Katolik;6;3;9
DENGOK;Hindu;0;0;0
DENGOK;Budhha;0;0;0
DENGOK;Konghucu;0;0;0
DENGOK;Aliran Kepercayaan;0;0;0
NGUNUT;Kristen;4;5;9
NGUNUT;Katolik;48;38;86
NGUNUT;Hindu;0;0;0
NGUNUT;Budhha;0;0;0
NGUNUT;Konghucu;0;0;0
NGUNUT;Aliran Kepercayaan;0;0;0
PLAYEN;Kristen;39;30;69
PLAYEN;Katolik;155;182;337
PLAYEN;Hindu;3;4;7
PLAYEN;Budhha;0;0;0
PLAYEN;Konghucu;0;0;0
PLAYEN;Aliran Kepercayaan;0;0;0
NGAWU;Kristen;18;19;37
NGAWU;Katolik;25;33;58
NGAWU;Hindu;3;2;5
NGAWU;Budhha;0;0;0
NGAWU;Konghucu;0;0;0
NGAWU;Aliran Kepercayaan;0;0;0
BANDUNG;Kristen;20;29;49
BANDUNG;Katolik;390;408;798
BANDUNG;Hindu;0;0;0
BANDUNG;Budhha;0;0;0
BANDUNG;Konghucu;0;0;0
BANDUNG;Aliran Kepercayaan;0;0;0
LOGANDENG;Kristen;180;203;383
LOGANDENG;Katolik;235;246;481
LOGANDENG;Hindu;8;2;10
LOGANDENG;Budhha;1;0;1
LOGANDENG;Konghucu;0;0;0
LOGANDENG;Aliran Kepercayaan;1;1;2
GADING;Kristen;45;51;96
GADING;Katolik;477;498;975
GADING;Hindu;12;25;37
GADING;Budhha;0;0;0
GADING;Konghucu;0;0;0
GADING;Aliran Kepercayaan;0;0;0
BANARAN;Kristen;18;14;32
BANARAN;Katolik;29;42;71
BANARAN;Hindu;10;22;32
BANARAN;Budhha;0;0;0
BANARAN;Konghucu;0;0;0
BANARAN;Aliran Kepercayaan;0;0;0
NGLERI;Kristen;2;2;4
NGLERI;Katolik;2;3;5
NGLERI;Hindu;0;0;0
NGLERI;Budhha;0;0;0
NGLERI;Konghucu;0;0;0
NGLERI;Aliran Kepercayaan;0;1;1
