﻿GIRIPURWO;Kristen;31;31;62
GIRIPURWO;Katolik;11;15;26
GIRIPURWO;Hindu;0;0;0
GIRIPURWO;Budhha;0;0;0
GIRIPURWO;Konghucu;0;0;0
GIRIPURWO;Aliran Kepercayaan;0;0;0
GIRICAHYO;Kristen;8;2;10
GIRICAHYO;Katolik;1;0;1
GIRICAHYO;Hindu;0;0;0
GIRICAHYO;Budhha;0;0;0
GIRICAHYO;Konghucu;0;0;0
GIRICAHYO;Aliran Kepercayaan;0;0;0
GIRIJATI;Kristen;4;5;9
GIRIJATI;Katolik;2;0;2
GIRIJATI;Hindu;0;0;0
GIRIJATI;Budhha;0;0;0
GIRIJATI;Konghucu;0;0;0
GIRIJATI;Aliran Kepercayaan;0;0;0
GIRIASIH;Kristen;2;3;5
GIRIASIH;Katolik;1;0;1
GIRIASIH;Hindu;2;4;6
GIRIASIH;Budhha;0;0;0
GIRIASIH;Konghucu;0;0;0
GIRIASIH;Aliran Kepercayaan;0;0;0
GIRITIRTO;Kristen;1;0;1
GIRITIRTO;Katolik;0;0;0
GIRITIRTO;Hindu;0;0;0
GIRITIRTO;Budhha;0;0;0
GIRITIRTO;Konghucu;0;0;0
GIRITIRTO;Aliran Kepercayaan;0;0;0
