﻿KRAMBILSAWIT;Kristen;6;3;9
KRAMBILSAWIT;Katolik;0;0;0
KRAMBILSAWIT;Hindu;0;0;0
KRAMBILSAWIT;Budhha;0;0;0
KRAMBILSAWIT;Konghucu;0;0;0
KRAMBILSAWIT;Aliran Kepercayaan;0;0;0
NGLORO;Kristen;0;0;0
NGLORO;Katolik;1;0;1
NGLORO;Hindu;0;0;0
NGLORO;Budhha;0;0;0
NGLORO;Konghucu;0;0;0
NGLORO;Aliran Kepercayaan;0;0;0
JETIS;Kristen;3;3;6
JETIS;Katolik;1;0;1
JETIS;Hindu;0;0;0
JETIS;Budhha;0;0;0
JETIS;Konghucu;0;0;0
JETIS;Aliran Kepercayaan;0;0;0
KEPEK;Kristen;0;1;1
KEPEK;Katolik;0;1;1
KEPEK;Hindu;0;0;0
KEPEK;Budhha;0;0;0
KEPEK;Konghucu;0;0;0
KEPEK;Aliran Kepercayaan;0;0;0
KANIGORO;Kristen;12;16;28
KANIGORO;Katolik;2;1;3
KANIGORO;Hindu;4;4;8
KANIGORO;Budhha;0;0;0
KANIGORO;Konghucu;0;0;0
KANIGORO;Aliran Kepercayaan;0;0;0
MONGGOL;Kristen;0;0;0
MONGGOL;Katolik;0;0;0
MONGGOL;Hindu;0;0;0
MONGGOL;Budhha;0;0;0
MONGGOL;Konghucu;0;0;0
MONGGOL;Aliran Kepercayaan;0;0;0
PLANJAN;Kristen;161;168;329
PLANJAN;Katolik;4;2;6
PLANJAN;Hindu;93;118;211
PLANJAN;Budhha;0;0;0
PLANJAN;Konghucu;0;0;0
PLANJAN;Aliran Kepercayaan;0;0;0
