﻿KALITEKUK;Kristen;65;81;146
KALITEKUK;Katolik;40;43;83
KALITEKUK;Hindu;0;0;0
KALITEKUK;Budhha;0;0;0
KALITEKUK;Konghucu;0;0;0
KALITEKUK;Aliran Kepercayaan;0;0;0
KEMEJING;Kristen;67;68;135
KEMEJING;Katolik;6;4;10
KEMEJING;Hindu;0;0;0
KEMEJING;Budhha;0;0;0
KEMEJING;Konghucu;0;0;0
KEMEJING;Aliran Kepercayaan;0;0;0
BULUREJO;Kristen;21;24;45
BULUREJO;Katolik;7;13;20
BULUREJO;Hindu;0;0;0
BULUREJO;Budhha;0;0;0
BULUREJO;Konghucu;0;0;0
BULUREJO;Aliran Kepercayaan;0;0;0
SUMBER REJO;Kristen;111;116;227
SUMBER REJO;Katolik;69;61;130
SUMBER REJO;Hindu;0;0;0
SUMBER REJO;Budhha;0;0;0
SUMBER REJO;Konghucu;0;0;0
SUMBER REJO;Aliran Kepercayaan;0;0;0
BENDUNG;Kristen;3;5;8
BENDUNG;Katolik;3;4;7
BENDUNG;Hindu;0;0;0
BENDUNG;Budhha;0;0;0
BENDUNG;Konghucu;0;0;0
BENDUNG;Aliran Kepercayaan;0;0;0
CANDIREJO;Kristen;38;54;92
CANDIREJO;Katolik;64;58;122
CANDIREJO;Hindu;0;0;0
CANDIREJO;Budhha;22;19;41
CANDIREJO;Konghucu;0;0;0
CANDIREJO;Aliran Kepercayaan;0;0;0
REJOSARI;Kristen;15;21;36
REJOSARI;Katolik;1;0;1
REJOSARI;Hindu;0;0;0
REJOSARI;Budhha;0;0;0
REJOSARI;Konghucu;0;0;0
REJOSARI;Aliran Kepercayaan;0;0;0
KARANGSARI;Kristen;178;185;363
KARANGSARI;Katolik;4;5;9
KARANGSARI;Hindu;0;0;0
KARANGSARI;Budhha;0;0;0
KARANGSARI;Konghucu;0;0;0
KARANGSARI;Aliran Kepercayaan;0;0;0
PUNDUNGSARI;Kristen;9;6;15
PUNDUNGSARI;Katolik;11;15;26
PUNDUNGSARI;Hindu;0;1;1
PUNDUNGSARI;Budhha;0;0;0
PUNDUNGSARI;Konghucu;0;0;0
PUNDUNGSARI;Aliran Kepercayaan;0;0;0
SEMIN;Kristen;42;38;80
SEMIN;Katolik;41;53;94
SEMIN;Hindu;7;5;12
SEMIN;Budhha;0;0;0
SEMIN;Konghucu;0;0;0
SEMIN;Aliran Kepercayaan;0;0;0
