﻿HARGOSARI;Kristen;3;2;5
HARGOSARI;Katolik;6;7;13
HARGOSARI;Hindu;0;0;0
HARGOSARI;Budhha;0;0;0
HARGOSARI;Konghucu;0;0;0
HARGOSARI;Aliran Kepercayaan;0;0;0
KEMIRI;Kristen;10;9;19
KEMIRI;Katolik;17;19;36
KEMIRI;Hindu;0;0;0
KEMIRI;Budhha;0;1;1
KEMIRI;Konghucu;0;0;0
KEMIRI;Aliran Kepercayaan;0;0;0
KEMADANG;Kristen;117;115;232
KEMADANG;Katolik;7;8;15
KEMADANG;Hindu;2;3;5
KEMADANG;Budhha;0;0;0
KEMADANG;Konghucu;0;0;0
KEMADANG;Aliran Kepercayaan;0;0;0
BANJAREJO;Kristen;66;89;155
BANJAREJO;Katolik;13;6;19
BANJAREJO;Hindu;0;0;0
BANJAREJO;Budhha;0;0;0
BANJAREJO;Konghucu;0;0;0
BANJAREJO;Aliran Kepercayaan;0;0;0
NGESTIREJO;Kristen;38;33;71
NGESTIREJO;Katolik;4;11;15
NGESTIREJO;Hindu;0;0;0
NGESTIREJO;Budhha;0;0;0
NGESTIREJO;Konghucu;0;0;0
NGESTIREJO;Aliran Kepercayaan;0;0;0
