﻿WONOSARI;Kristen;621;669;1.290
WONOSARI;Katolik;235;260;495
WONOSARI;Hindu;0;1;1
WONOSARI;Budhha;2;0;2
WONOSARI;Konghucu;0;0;0
WONOSARI;Aliran Kepercayaan;0;0;0
KEPEK;Kristen;223;233;456
KEPEK;Katolik;237;239;476
KEPEK;Hindu;1;3;4
KEPEK;Budhha;0;0;0
KEPEK;Konghucu;0;0;0
KEPEK;Aliran Kepercayaan;0;0;0
PIYAMAN;Kristen;18;16;34
PIYAMAN;Katolik;52;61;113
PIYAMAN;Hindu;0;0;0
PIYAMAN;Budhha;0;0;0
PIYAMAN;Konghucu;0;0;0
PIYAMAN;Aliran Kepercayaan;0;0;0
GARI;Kristen;21;21;42
GARI;Katolik;167;186;353
GARI;Hindu;0;0;0
GARI;Budhha;0;0;0
GARI;Konghucu;0;0;0
GARI;Aliran Kepercayaan;0;0;0
KARANG TENGAH;Kristen;18;22;40
KARANG TENGAH;Katolik;8;8;16
KARANG TENGAH;Hindu;0;0;0
KARANG TENGAH;Budhha;0;0;0
KARANG TENGAH;Konghucu;0;0;0
KARANG TENGAH;Aliran Kepercayaan;1;0;1
SELANG;Kristen;84;84;168
SELANG;Katolik;14;16;30
SELANG;Hindu;0;0;0
SELANG;Budhha;0;0;0
SELANG;Konghucu;0;0;0
SELANG;Aliran Kepercayaan;0;0;0
BALEHARJO;Kristen;191;216;407
BALEHARJO;Katolik;760;799;1.559
BALEHARJO;Hindu;2;4;6
BALEHARJO;Budhha;0;0;0
BALEHARJO;Konghucu;0;0;0
BALEHARJO;Aliran Kepercayaan;0;1;1
SIRAMAN;Kristen;60;64;124
SIRAMAN;Katolik;71;62;133
SIRAMAN;Hindu;0;0;0
SIRAMAN;Budhha;6;3;9
SIRAMAN;Konghucu;0;0;0
SIRAMAN;Aliran Kepercayaan;0;0;0
PULUTAN;Kristen;7;9;16
PULUTAN;Katolik;537;580;1.117
PULUTAN;Hindu;0;0;0
PULUTAN;Budhha;0;0;0
PULUTAN;Konghucu;0;0;0
PULUTAN;Aliran Kepercayaan;0;0;0
WARENG;Kristen;10;6;16
WARENG;Katolik;0;1;1
WARENG;Hindu;0;0;0
WARENG;Budhha;0;0;0
WARENG;Konghucu;0;0;0
WARENG;Aliran Kepercayaan;1;0;1
DUWET;Kristen;3;1;4
DUWET;Katolik;2;3;5
DUWET;Hindu;0;0;0
DUWET;Budhha;0;0;0
DUWET;Konghucu;0;0;0
DUWET;Aliran Kepercayaan;0;1;1
MULO;Kristen;16;19;35
MULO;Katolik;22;17;39
MULO;Hindu;0;0;0
MULO;Budhha;0;0;0
MULO;Konghucu;0;0;0
MULO;Aliran Kepercayaan;0;0;0
WUNUNG;Kristen;1;1;2
WUNUNG;Katolik;1;0;1
WUNUNG;Hindu;0;0;0
WUNUNG;Budhha;0;0;0
WUNUNG;Konghucu;0;0;0
WUNUNG;Aliran Kepercayaan;1;0;1
KARANG REJEK;Kristen;33;31;64
KARANG REJEK;Katolik;65;69;134
KARANG REJEK;Hindu;0;0;0
KARANG REJEK;Budhha;0;0;0
KARANG REJEK;Konghucu;0;0;0
KARANG REJEK;Aliran Kepercayaan;2;0;2
