ARGOMULYO;kristen;21;22;43
ARGOMULYO;katolik;31;38;69
ARGOMULYO;hindu;0;0;0
ARGOMULYO;buddha;0;0;0
ARGOMULYO;konghucu;0;0;0
ARGOMULYO;aliran kepercayaan;0;0;0
WUKIRSARI;kristen;68;67;135
WUKIRSARI;katolik;90;98;188
WUKIRSARI;hindu;0;0;0
WUKIRSARI;buddha;0;0;0
WUKIRSARI;konghucu;1;0;1
WUKIRSARI;aliran kepercayaan;0;0;0
GLAGAHARJO;kristen;1;3;4
GLAGAHARJO;katolik;3;4;7
GLAGAHARJO;hindu;0;0;0
GLAGAHARJO;buddha;0;0;0
GLAGAHARJO;konghucu;0;0;0
GLAGAHARJO;aliran kepercayaan;0;0;0
KEPUHARJO;kristen;0;1;1
KEPUHARJO;katolik;1;0;1
KEPUHARJO;hindu;5;2;7
KEPUHARJO;buddha;0;0;0
KEPUHARJO;konghucu;0;0;0
KEPUHARJO;aliran kepercayaan;0;0;0
UMBULHARJO;kristen;22;21;43
UMBULHARJO;katolik;36;42;78
UMBULHARJO;hindu;0;0;0
UMBULHARJO;buddha;0;0;0
UMBULHARJO;konghucu;0;0;0
UMBULHARJO;aliran kepercayaan;0;0;0
