PURWOMARTANI;KRISTEN;1.065;1.072;2.137
PURWOMARTANI;KATOLIK;1.983;2.046;4.029
PURWOMARTANI;HINDU;34;25;59
PURWOMARTANI;BUDDHA;14;17;31
PURWOMARTANI;KHONGHUCU;2;0;2
PURWOMARTANI;ALIRAN KEPERCAYAAN;0;1;1
TIRTOMARTANI;KRISTEN;188;194;382
TIRTOMARTANI;KATOLIK;762;787;1.549
TIRTOMARTANI;HINDU;16;14;30
TIRTOMARTANI;BUDDHA;1;2;3
TIRTOMARTANI;KHONGHUCU;0;0;0
TIRTOMARTANI;ALIRAN KEPERCAYAAN;0;1;1
TAMANMARTANI;KRISTEN;145;152;297
TAMANMARTANI;KATOLIK;203;227;430
TAMANMARTANI;HINDU;4;0;4
TAMANMARTANI;BUDDHA;0;0;0
TAMANMARTANI;KHONGHUCU;0;0;0
TAMANMARTANI;ALIRAN KEPERCAYAAN;0;0;0
SELOMARTANI;KRISTEN;40;39;79
SELOMARTANI;KATOLIK;93;93;186
SELOMARTANI;HINDU;11;14;25
SELOMARTANI;BUDDHA;1;0;1
SELOMARTANI;KHONGHUCU;0;0;0
SELOMARTANI;ALIRAN KEPERCAYAAN;0;0;0
