SINDUADI;KRISTEN;797;864;1.661
SINDUADI;KATOLIK;1.326;1.202;2.528
SINDUADI;HINDU;30;29;59
SINDUADI;BUDDHA;42;41;83
SINDUADI;KHONGHUCU;3;2;5
SINDUADI;ALIRAN KEPERCAYAAN;0;0;0
SENDANGADI;KRISTEN;392;421;813
SENDANGADI;KATOLIK;732;734;1.466
SENDANGADI;HINDU;14;18;32
SENDANGADI;BUDDHA;19;11;30
SENDANGADI;KHONGHUCU;2;3;5
SENDANGADI;ALIRAN KEPERCAYAAN;0;0;0
TLOGOADI;KRISTEN;137;148;285
TLOGOADI;KATOLIK;623;588;1.211
TLOGOADI;HINDU;3;4;7
TLOGOADI;BUDDHA;1;0;1
TLOGOADI;KHONGHUCU;0;0;0
TLOGOADI;ALIRAN KEPERCAYAAN;0;0;0
TIRTOADI;KRISTEN;46;56;102
TIRTOADI;KATOLIK;116;92;208
TIRTOADI;HINDU;1;3;4
TIRTOADI;BUDDHA;0;0;0
TIRTOADI;KHONGHUCU;0;0;0
TIRTOADI;ALIRAN KEPERCAYAAN;0;0;0
SUMBERADI;KRISTEN;146;140;286
SUMBERADI;KATOLIK;587;603;1.190
SUMBERADI;HINDU;10;9;19
SUMBERADI;BUDDHA;0;0;0
SUMBERADI;KHONGHUCU;0;0;0
SUMBERADI;ALIRAN KEPERCAYAAN;0;0;0
