SINDUMARTANI;KRISTEN;34;33;67
SINDUMARTANI;KATOLIK;39;40;79
SINDUMARTANI;HINDU;0;0;0
SINDUMARTANI;BUDDHA;2;0;2
SINDUMARTANI;KHONGHUCU;0;1;1
SINDUMARTANI;ALIRAN KEPERCAYAAN;1;0;1
BIMOMARTANI;KRISTEN;38;47;85
BIMOMARTANI;KATOLIK;108;124;232
BIMOMARTANI;HINDU;0;0;0
BIMOMARTANI;BUDDHA;0;0;0
BIMOMARTANI;KHONGHUCU;0;0;0
BIMOMARTANI;ALIRAN KEPERCAYAAN;0;0;0
WIDODOMARTANI;KRISTEN;35;39;74
WIDODOMARTANI;KATOLIK;74;75;149
WIDODOMARTANI;HINDU;0;0;0
WIDODOMARTANI;BUDDHA;0;0;0
WIDODOMARTANI;KHONGHUCU;0;0;0
WIDODOMARTANI;ALIRAN KEPERCAYAAN;1;0;1
WEDOMARTANI;KRISTEN;722;795;1.517
WEDOMARTANI;KATOLIK;1.212;1.244;2.456
WEDOMARTANI;HINDU;65;59;124
WEDOMARTANI;BUDDHA;9;6;15
WEDOMARTANI;KHONGHUCU;0;1;1
WEDOMARTANI;ALIRAN KEPERCAYAAN;0;0;0
UMBULMARTANI;KRISTEN;66;80;146
UMBULMARTANI;KATOLIK;189;198;387
UMBULMARTANI;HINDU;1;0;1
UMBULMARTANI;BUDDHA;2;0;2
UMBULMARTANI;KHONGHUCU;0;0;0
UMBULMARTANI;ALIRAN KEPERCAYAAN;0;0;0
