MARGOLUWIH;KRISTEN;84;95;179
MARGOLUWIH;KATOLIK;86;93;179
MARGOLUWIH;HINDU;0;0;0
MARGOLUWIH;BUDDHA;0;0;0
MARGOLUWIH;KHONGHUCU;0;0;0
MARGOLUWIH;ALIRAN KEPERCAYAAN;0;0;0
MARGODADI;KRISTEN;33;28;61
MARGODADI;KATOLIK;148;158;306
MARGODADI;HINDU;32;43;75
MARGODADI;BUDDHA;4;4;8
MARGODADI;KHONGHUCU;0;0;0
MARGODADI;ALIRAN KEPERCAYAAN;0;0;0
MARGOKATON;KRISTEN;14;14;28
MARGOKATON;KATOLIK;161;161;322
MARGOKATON;HINDU;0;0;0
MARGOKATON;BUDDHA;0;0;0
MARGOKATON;KHONGHUCU;0;0;0
MARGOKATON;ALIRAN KEPERCAYAAN;0;0;0
MARGOMULYO;KRISTEN;17;32;49
MARGOMULYO;KATOLIK;101;107;208
MARGOMULYO;HINDU;2;2;4
MARGOMULYO;BUDDHA;0;1;1
MARGOMULYO;KHONGHUCU;0;0;0
MARGOMULYO;ALIRAN KEPERCAYAAN;0;0;0
MARGOAGUNG;KRISTEN;19;24;43
MARGOAGUNG;KATOLIK;85;98;183
MARGOAGUNG;HINDU;7;9;16
MARGOAGUNG;BUDDHA;0;0;0
MARGOAGUNG;KHONGHUCU;0;0;0
MARGOAGUNG;ALIRAN KEPERCAYAAN;0;0;0
