CATURHARJO;KRISTEN;67;63;130
CATURHARJO;KATOLIK;192;238;430
CATURHARJO;HINDU;0;0;0
CATURHARJO;BUDHHA;0;0;0
CATURHARJO;KHONGHUCU;0;0;0
CATURHARJO;ALIRAN KEPERCAYAAN;0;0;0
TRIHARJO;KRISTEN;123;135;258
TRIHARJO;KATOLIK;276;266;542
TRIHARJO;HINDU;0;0;0
TRIHARJO;BUDHHA;1;1;2
TRIHARJO;KHONGHUCU;0;0;0
TRIHARJO;ALIRAN KEPERCAYAAN;0;0;0
TRIDADI;KRISTEN;227;223;450
TRIDADI;KATOLIK;486;505;991
TRIDADI;HINDU;4;0;4
TRIDADI;BUDHHA;2;7;9
TRIDADI;KHONGHUCU;2;3;5
TRIDADI;ALIRAN KEPERCAYAAN;0;0;0
PANDOWOHARJO;KRISTEN;158;160;318
PANDOWOHARJO;KATOLIK;601;589;1.190
PANDOWOHARJO;HINDU;6;4;10
PANDOWOHARJO;BUDHHA;2;4;6
PANDOWOHARJO;KHONGHUCU;0;0;0
PANDOWOHARJO;ALIRAN KEPERCAYAAN;0;0;0
TRIMULYO;KRISTEN;20;21;41
TRIMULYO;KATOLIK;255;267;522
TRIMULYO;HINDU;0;0;0
TRIMULYO;BUDHHA;0;0;0
TRIMULYO;KHONGHUCU;0;0;0
TRIMULYO;ALIRAN KEPERCAYAAN;1;0;1
