BANGUNKERTO;KRISTEN;6;8;14
BANGUNKERTO;KATOLIK;42;37;79
BANGUNKERTO;HINDU;0;0;0
BANGUNKERTO;BUDDHA;0;0;0
BANGUNKERTO;KHONGHUCU;0;0;0
BANGUNKERTO;ALIRAN KEPERCAYAAN ;0;0;0
DONOKERTO;KRISTEN;46;50;96
DONOKERTO;KATOLIK;290;317;607
DONOKERTO;HINDU;0;0;0
DONOKERTO;BUDDHA;0;0;0
DONOKERTO;KHONGHUCU;0;0;0
DONOKERTO;ALIRAN KEPERCAYAAN ;0;0;0
GIRIKERTO;KRISTEN;28;22;50
GIRIKERTO;KATOLIK;388;420;808
GIRIKERTO;HINDU;1;2;3
GIRIKERTO;BUDDHA;0;0;0
GIRIKERTO;KHONGHUCU;0;0;0
GIRIKERTO;ALIRAN KEPERCAYAAN ;1;2;3
WONOKERTO;KRISTEN;17;17;34
WONOKERTO;KATOLIK;351;342;693
WONOKERTO;HINDU;0;0;0
WONOKERTO;BUDDHA;0;0;0
WONOKERTO;KHONGHUCU;0;0;0
WONOKERTO;ALIRAN KEPERCAYAAN ;0;0;0
