BANARAN;Kristen;3;4;7
BANARAN;Katolik;1;1;2
BANARAN;Hindu;0;0;0
BANARAN;Buddha;0;0;0
BANARAN;Konghucu;0;0;0
BANARAN;Aliran Kepercayaan;0;0;0
KRANGGAN;Kristen;10;9;19
KRANGGAN;Katolik;0;2;2
KRANGGAN;Hindu;0;0;0
KRANGGAN;Buddha;0;0;0
KRANGGAN;Konghucu;0;0;0
KRANGGAN;Aliran Kepercayaan;0;0;0
NOMPOREJO;Kristen;0;0;0
NOMPOREJO;Katolik;0;1;1
NOMPOREJO;Hindu;0;0;0
NOMPOREJO;Buddha;0;0;0
NOMPOREJO;Konghucu;0;0;0
NOMPOREJO;Aliran Kepercayaan;0;0;0
KARANGSEWU;Kristen;5;11;16
KARANGSEWU;Katolik;17;24;41
KARANGSEWU;Hindu;0;0;0
KARANGSEWU;Buddha;0;0;0
KARANGSEWU;Konghucu;0;0;0
KARANGSEWU;Aliran Kepercayaan;0;0;0
TIRTORAHAYU;Kristen;10;9;19
TIRTORAHAYU;Katolik;8;10;18
TIRTORAHAYU;Hindu;0;0;0
TIRTORAHAYU;Buddha;0;0;0
TIRTORAHAYU;Konghucu;0;0;0
TIRTORAHAYU;Aliran Kepercayaan;0;0;0
PANDOWAN;Kristen;1;0;1
PANDOWAN;Katolik;2;3;5
PANDOWAN;Hindu;0;0;0
PANDOWAN;Buddha;0;2;2
PANDOWAN;Konghucu;0;0;0
PANDOWAN;Aliran Kepercayaan;0;0;0
BROSOT;Kristen;10;10;20
BROSOT;Katolik;46;47;93
BROSOT;Hindu;0;0;0
BROSOT;Buddha;0;0;0
BROSOT;Konghucu;0;0;0
BROSOT;Aliran Kepercayaan;0;0;0
