BANYUROTO;Kristen;3;5;8
BANYUROTO;Katolik;14;17;31
BANYUROTO;Hindu;0;0;0
BANYUROTO;Buddha;0;0;0
BANYUROTO;Konghucu;0;0;0
BANYUROTO;Aliran Kepercayaan;0;0;0
DONOMULYO;Kristen;4;5;9
DONOMULYO;Katolik;9;10;19
DONOMULYO;Hindu;0;1;1
DONOMULYO;Buddha;0;0;0
DONOMULYO;Konghucu;0;0;0
DONOMULYO;Aliran Kepercayaan;0;0;0
WIJIMULYO;Kristen;20;16;36
WIJIMULYO;Katolik;291;319;610
WIJIMULYO;Hindu;0;0;0
WIJIMULYO;Buddha;0;0;0
WIJIMULYO;Konghucu;0;0;0
WIJIMULYO;Aliran Kepercayaan;0;0;0
TANJUNGHARJO;Kristen;9;12;21
TANJUNGHARJO;Katolik;24;28;52
TANJUNGHARJO;Hindu;0;0;0
TANJUNGHARJO;Buddha;0;0;0
TANJUNGHARJO;Konghucu;0;0;0
TANJUNGHARJO;Aliran Kepercayaan;0;0;0
JATISARONO;Kristen;75;67;142
JATISARONO;Katolik;309;362;671
JATISARONO;Hindu;0;0;0
JATISARONO;Buddha;0;0;0
JATISARONO;Konghucu;0;0;0
JATISARONO;Aliran Kepercayaan;0;0;0
KEMBANG;Kristen;22;17;39
KEMBANG;Katolik;440;484;924
KEMBANG;Hindu;0;0;0
KEMBANG;Buddha;0;0;0
KEMBANG;Konghucu;0;0;0
KEMBANG;Aliran Kepercayaan;0;0;0
