GARONGAN;Kristen;0;0;0
GARONGAN;Katolik;0;0;0
GARONGAN;Hindu;0;0;0
GARONGAN;Buddha;0;0;0
GARONGAN;Konghucu;0;0;0
GARONGAN;Aliran Kepercayaan;0;0;0
PLERET;Kristen;5;5;10
PLERET;Katolik;0;0;0
PLERET;Hindu;0;0;0
PLERET;Buddha;0;0;0
PLERET;Konghucu;0;0;0
PLERET;Aliran Kepercayaan;0;0;0
BUGEL;Kristen;5;6;11
BUGEL;Katolik;0;0;0
BUGEL;Hindu;0;0;0
BUGEL;Buddha;0;0;0
BUGEL;Aliran Kepercayaan;0;0;0
BUGEL;Konghucu;0;0;0
KANOMAN;Kristen;15;23;38
KANOMAN;Katolik;4;5;9
KANOMAN;Hindu;0;0;0
KANOMAN;Buddha;0;0;0
KANOMAN;Konghucu;0;0;0
KANOMAN;Aliran Kepercayaan;0;0;0
DEPOK;Kristen;7;11;18
DEPOK;Katolik;4;2;6
DEPOK;Hindu;0;0;0
DEPOK;Buddha;0;0;0
DEPOK;Konghucu;0;0;0
DEPOK;Aliran Kepercayaan;0;0;0
BOJONG;Kristen;9;10;19
BOJONG;Katolik;2;2;4
BOJONG;Hindu;0;0;0
BOJONG;Buddha;0;0;0
BOJONG;Konghucu;0;0;0
BOJONG;Aliran Kepercayaan;0;0;0
TAYUBAN;Kristen;6;7;13
TAYUBAN;Katolik;1;0;1
TAYUBAN;Hindu;0;0;0
TAYUBAN;Buddha;0;0;0
TAYUBAN;Konghucu;0;0;0
TAYUBAN;Aliran Kepercayaan;0;0;0
GOTAKAN;Kristen;17;20;37
GOTAKAN;Katolik;27;23;50
GOTAKAN;Hindu;0;0;0
GOTAKAN;Buddha;0;0;0
GOTAKAN;Konghucu;0;0;0
GOTAKAN;Aliran Kepercayaan;0;0;0
PANJATAN;Kristen;28;34;62
PANJATAN;Katolik;4;2;6
PANJATAN;Hindu;0;0;0
PANJATAN;Buddha;0;0;0
PANJATAN;Konghucu;0;0;0
PANJATAN;Aliran Kepercayaan;0;0;0
CERME;Kristen;7;15;22
CERME;Katolik;0;1;1
CERME;Hindu;0;0;0
CERME;Buddha;0;0;0
CERME;Konghucu;0;0;0
CERME;Aliran Kepercayaan;0;0;0
KREMBANGAN;Kristen;13;7;20
KREMBANGAN;Katolik;25;23;48
KREMBANGAN;Hindu;0;0;0
KREMBANGAN;Buddha;0;1;1
KREMBANGAN;Konghucu;0;0;0
KREMBANGAN;Aliran Kepercayaan;0;0;0
