JANGKARAN;Kristen;1;1;2
JANGKARAN;Katolik;10;6;16
JANGKARAN;Hindu;0;0;0
JANGKARAN;Buddha;0;0;0
JANGKARAN;Konghucu;0;0;0
JANGKARAN;Aliran Kepercayaan;0;0;0
SINDUTAN;Kristen;53;67;120
SINDUTAN;Katolik;13;16;29
SINDUTAN;Hindu;0;0;0
SINDUTAN;Buddha;0;1;1
SINDUTAN;Konghucu;0;0;0
SINDUTAN;Aliran Kepercayaan;0;0;0
PALIHAN;Kristen;160;149;309
PALIHAN;Katolik;10;8;18
PALIHAN;Hindu;0;0;0
PALIHAN;Buddha;0;0;0
PALIHAN;Konghucu;0;0;0
PALIHAN;Aliran Kepercayaan;0;0;0
GLAGAH;Kristen;96;111;207
GLAGAH;Katolik;14;11;25
GLAGAH;Hindu;0;0;0
GLAGAH;Buddha;0;0;0
GLAGAH;Konghucu;0;0;0
GLAGAH;Aliran Kepercayaan;0;0;0
KALIDENGEN;Kristen;41;42;83
KALIDENGEN;Katolik;6;10;16
KALIDENGEN;Hindu;0;0;0
KALIDENGEN;Buddha;0;0;0
KALIDENGEN;Konghucu;0;0;0
KALIDENGEN;Aliran Kepercayaan;0;0;0
PLUMBON;Kristen;10;14;24
PLUMBON;Katolik;6;3;9
PLUMBON;Hindu;1;0;1
PLUMBON;Buddha;0;0;0
PLUMBON;Konghucu;0;0;0
PLUMBON;Aliran Kepercayaan;0;0;0
KEDUNDANG;Kristen;7;7;14
KEDUNDANG;Katolik;4;4;8
KEDUNDANG;Hindu;0;0;0
KEDUNDANG;Buddha;1;0;1
KEDUNDANG;Konghucu;0;0;0
KEDUNDANG;Aliran Kepercayaan;0;0;0
DEMEN;Kristen;3;5;8
DEMEN;Katolik;0;1;1
DEMEN;Hindu;0;0;0
DEMEN;Buddha;0;0;0
DEMEN;Konghucu;0;0;0
DEMEN;Aliran Kepercayaan;0;0;0
KULUR;Kristen;8;14;22
KULUR;Katolik;2;8;10
KULUR;Hindu;0;0;0
KULUR;Buddha;0;0;0
KULUR;Konghucu;0;0;0
KULUR;Aliran Kepercayaan;0;0;0
KALIGINTUNG;Kristen;14;18;32
KALIGINTUNG;Katolik;4;3;7
KALIGINTUNG;Hindu;0;0;0
KALIGINTUNG;Buddha;0;0;0
KALIGINTUNG;Konghucu;0;0;0
KALIGINTUNG;Aliran Kepercayaan;0;0;0
TEMON WETAN;Kristen;30;31;61
TEMON WETAN;Katolik;3;7;10
TEMON WETAN;Hindu;0;0;0
TEMON WETAN;Buddha;0;0;0
TEMON WETAN;Konghucu;0;0;0
TEMON WETAN;Aliran Kepercayaan;0;0;0
TEMON KULON;Kristen;117;138;255
TEMON KULON;Katolik;24;23;47
TEMON KULON;Hindu;1;0;1
TEMON KULON;Buddha;0;0;0
TEMON KULON;Konghucu;0;0;0
TEMON KULON;Aliran Kepercayaan;1;0;1
KEBON REJO;Kristen;109;109;218
KEBON REJO;Katolik;11;13;24
KEBON REJO;Hindu;1;2;3
KEBON REJO;Buddha;1;4;5
KEBON REJO;Konghucu;0;0;0
KEBON REJO;Aliran Kepercayaan;0;0;0
JANTEN;Kristen;1;1;2
JANTEN;Katolik;0;0;0
JANTEN;Hindu;0;0;0
JANTEN;Buddha;0;0;0
JANTEN;Konghucu;0;0;0
JANTEN;Aliran Kepercayaan;0;0;0
KARANGWULUH;Kristen;1;1;2
KARANGWULUH;Katolik;0;0;0
KARANGWULUH;Hindu;0;0;0
KARANGWULUH;Buddha;0;0;0
KARANGWULUH;Konghucu;0;0;0
KARANGWULUH;Aliran Kepercayaan;0;0;0
