WATES;Kristen;270;304;574
WATES;Katolik;246;267;513
WATES;Hindu;3;3;6
WATES;Buddha;0;1;1
WATES;Konghucu;0;0;0
WATES;Aliran Kepercayaan;0;0;0
KARANGWUNI;Kristen;9;11;20
KARANGWUNI;Katolik;20;20;40
KARANGWUNI;Hindu;0;0;0
KARANGWUNI;Buddha;1;0;1
KARANGWUNI;Konghucu;0;0;0
KARANGWUNI;Aliran Kepercayaan;0;0;0
SOGAN;Kristen;12;14;26
SOGAN;Katolik;2;1;3
SOGAN;Hindu;0;0;0
SOGAN;Buddha;0;0;0
SOGAN;Konghucu;0;0;0
SOGAN;Aliran Kepercayaan;0;0;0
KULWARU;Kristen;0;0;0
KULWARU;Katolik;4;2;6
KULWARU;Hindu;0;0;0
KULWARU;Buddha;0;0;0
KULWARU;Konghucu;0;0;0
KULWARU;Aliran Kepercayaan;0;0;0
NGESTIHARJO;Kristen;10;11;21
NGESTIHARJO;Katolik;2;1;3
NGESTIHARJO;Hindu;0;0;0
NGESTIHARJO;Buddha;0;0;0
NGESTIHARJO;Konghucu;0;0;0
NGESTIHARJO;Aliran Kepercayaan;0;0;0
BENDUNGAN;Kristen;23;31;54
BENDUNGAN;Katolik;21;20;41
BENDUNGAN;Hindu;1;0;1
BENDUNGAN;Buddha;0;0;0
BENDUNGAN;Konghucu;0;0;0
BENDUNGAN;Aliran Kepercayaan;0;0;0
TRIHARJO;Kristen;27;31;58
TRIHARJO;Katolik;109;115;224
TRIHARJO;Hindu;1;1;2
TRIHARJO;Buddha;1;0;1
TRIHARJO;Konghucu;0;0;0
TRIHARJO;Aliran Kepercayaan;0;0;0
GIRIPENI;Kristen;80;84;164
GIRIPENI;Katolik;86;85;171
GIRIPENI;Hindu;1;5;6
GIRIPENI;Buddha;2;3;5
GIRIPENI;Konghucu;0;0;0
GIRIPENI;Aliran Kepercayaan;1;0;1
