1;Vihara Dharmma Wijaya;Vihara;Tegalrejo, Kuncen, Tegaltirto, Berbah Sleman 55573;Berbah;Sleman
2;Vihara Karangddjati;Vihara;Jl. Monjali Km. 4,5 No. 78 Sinduadi Mlati Sleman 55284;Mlati;Sleman
3;Pusdiklat Sukhavati;Pusdiklat;Jl. Babarsari Gg. Purisari 12 B Depok Sleman;Depok;Sleman
4;Vihara Jhina Vanna Pallo;Vihara;Monggol, Saptosari, Gunungkidul;Saptosari;Gunungkidul
5;Vihara Jhina Dharma Tirta;Vihara;Giring I, Giring Gunungkidul;Paliyan;Gunungkidul
6;Vihara Jhina Dharma Sradha;Vihara;Siraman III Rt. 06, Rw. 03 Desa Siraman, Kec. Wonosari, Kab. Gunungkidul 55811;Wonosari;Gunungkidul
7;Vihara Dharma Surya;Vihara;Ngentak, Candirejo, Semin, Gunungkidul;Semin;Gunungkidul
8;Vihara Bhakti Vira Dharma;Vihara;Pundung Rt.02, Rw.08 Girikarto, Panggang Gunungkidul 55872;Panggang;Gunungkidul
9;Vihara Dharma Ratna;Vihara;Wiloso Rt. 01, Rw.04 Girikarto Panggang, Gunungkidul 55872;Panggang;Gunungkidul
10;Vihara Dharmatirta;Vihara;Candirejo, Semin, Gunungkidul;Semin;Gunungkidul
11;Vihara Giri Ratana;Vihara;Petung, Giriwunu, Panggang Gunungkidul 55872;Panggang;Kulonprogo
12;Vihara Giri Surya;Vihara;Wiloso Rt. 04, Rw. 04, Girikarto, Panggang Gunungkidul 55872;Panggang;Kulonprogo
13;Vihara Dharma Mulya;Vihara;Karanggede, Jatimulyo, Girimulyo Kulon Progo;Girimulyo;Kulonprogo
14;Vihara Giridharma;Vihara;Sokomoyo Rt. 004, Rw. 001, Jatimulyo, Girimulyo, Kulon Progo 55674;Girimulyo;Kulonprogo
15;Vihara Giriloka;Vihara;Gunung Kelir Rt. 27, Rw. 06 Jatimulyo Girimulyo Kulon Progo 55674;Girimulyo;Kulonprogo
16;Vihara Giri Surya KP;Vihara;Sonyo Rt. 034, Rw. 008, Jatimulyo Girimulyo Kulon Progo 55674;Girimulyo;Kulonprogo
17;Vihara Vidya Dhamma;Vihara;Sonyo Rt. 036, Rw. 008, Jatimulyo, Girimulyo, Kulon Progo 55674;Girimulyo;Kulonprogo
18;Vihara Dhammaguna;Vihara;Sonyo, Jatimulyo, Girimulyo, Kulon Progo;Girimulyo;Kulonprogo
19;Vihara Budha Prabha;Vihara;Jl. Brigjen Katamso No. 3 Yogyakarta;Gondomanan;Yogyakarta
20;Vihara Vidyaloka;Vihara;Jl. Kenari Gang Tanjung I No. 231 Miliran-Yogyakarta;Umbulharjo;Yogyakarta
21;Vihara Bodhicitta Maitreya;Vihara;Jl. Kemetiran No. 9 Yogyakarta;Prenggokusuman;Yogyakarta
22;Vihara Vimalakirti;Vihara;Jl. Soka No. 4 Baciro Yogyakarta;Umbulharjo;Yogyakarta
23;Cetiya Budhakirti;Vihara;Sayidan GM. II Gondomanan Yogyakarta;Gondomanan;Yogyakarta
24;Vihara Abdi Dharma Arif;Vihara;Kasihan, Bantul;Kasihan;Bantul
