1;Widya Dharma;Pura;Dero,Wedomartani;Ngemplak;Sleman
2;Sri Gading;Pura;Kasuran,Margodadi;Seyegan;Sleman
3;Dharma Santi;Pura;Sumber Watu;Prambanan;Sleman
4;Sanggar Pamujan Giri Kesuma;Sanggar;Soman;Kalasan;Sleman
5;Candi Sari;Pura;Kalongan,Maguwoharjo;Depok;Sleman
6;Vaikuntha Vyomantara;Pura;Pangkalan TNI AU Adisucipto,Sleman;Maguwoharjo;Sleman
7;Padma Bhuana Saraswati;Pura;Jln.Mawar Baciro No.2 Yogyakarta;Gondokusuman;Kota Yogyakarta
8;Sangar Pamujan Maha Lingga Padma Bhuana;Sanggar;Mangir Lor;Pajangan;Bantul
9;Karang Gede ;Pura;Karanggede,Pendowoharjo;Sewon;Bantul
10;Eka Dharma;Pura;Gonjen,Tamantirto;Kasihan;Bantul
11;Jagadnatha;Pura;Plumbon;Banguntapan;Bantul
12;Daksina Murti;Pura;Tegaltapen,tirtosari;Kretek;Bantul
13;Giri Natha;Pura;Gading ;Playen;Gunungkidul
14;Sant Loka;Pura;Teguhan,Banaran;Playen;Gunungkidul
15;Gadung Mlati;Pura;Kemadang;Tanjungsari;Gunungkidul
16;Eka Bhakti;Pura;Pucung,Planjan;Saptosari;Gunungkidul
17;Dherpo Kusumo;Pura;Ngepoh,Planjan;Saptosari;Gunungkidul
18;Dharma Bhakti;Pura;Sumber,Planjan;Saptosari;Gunungkidul
19;Mahameru;Pura;Pengos,Giring;Paliyan;Gunungkidul
20;Bhakti Agung;Pura;Gudang,Kampung;Ngawen;Gunungkidul
21;Bhakti Dharma;Pura;Tegal Rejo,Beji;Ngawen;Gunungkidul
22;Bhakti Widhi;Pura;Bendo,Beji;Ngawen;Gunungkidul
23;Dharma Jati;Pura;Ngelo,Beji;Ngawen;Gunungkidul
24;Ngesthi Bratha Dharma;Pura;Gunung Gambar,Kampung;Ngawen;Gunungkidul
25;Podowenang;Pura;Kali Waru,Kampung;Ngawen;Gunungkidul
26;Segara Wukir;Pura;Ngobaran,Kanigoro;Saptosari;Gunungkidul
27;Segara Kamandalu;Pura;Bejiharjo,Girijati;Purwosari;Gunungkidul
28;Sanggar Parahyangan Tirto Lanceng;Pura;Madugondo,Sidoharjo;Samigaluh;KulonProgo
