1;Gereja Kristen Jawa Bantul;Gereja;Jl. MGR. Sugiyopranoto. Bantul;Bantul
2;Gereja Kristen Jawa Sumberagung Panthan Kadibeso;Gereja;Jl. Parangtritis, Kadibeso, Manding, Bantul;Bantul
3;Gereja Kerasulan Baru Indonesia Kerakitan;Gereja;Kerakitan, Ringinharjo, Bantul;Bantul
4;Gereja Baptis Indonesia Saman;Gereja;Jl. Dirgantara 71, Ds. Saman, Bangunharjo, Sewon, Bantul;Sewon
5;Gereja Pentakosta di Indonesia Pendowoharjo;Gereja;Karanggede, Dk. Dagen, RT 01. Pendowoharjo, Sewon, Bantul;Sewon
6;Gereja Pentakosta di Indonesia Kadipiro;Gereja;Jl. Wates Kadipiro, RT 05 dk V, Ngestiharjo, Kasihan, Bantul;Kasihan
7;Gereja Pentakosta di indonesia Tegalonggobayan;Gereja;Jl. Wates Km 4 Tegalonggobayan, Ngestiharjo, Kasihan, Bantul;Kasihan
8;Gereja Kristen Jawa Madukismo;Gereja;Komplek PGPD Madukismo, Jogonalan Lor, Tirtonirmolo, Kasihan, Bantul;Kasihan
9;Gereja Kristen Nazarene Sonopakis;Gereja;Jl. IKIP PGRI Sonopakis, Kasihan, Bantul;Kasihan
10;Gereja Penyebaran Injil Nitiprayan;Gereja;Nitiprayan, Ngestiharjo, Kasihan, Bantul;Kasihan
11;Gereja Kerasulan Baru Indonesia Bangunjiwo;Gereja;Lemahdadi, Bangunjiwo, Kasihan, Bantul;Kasihan
12;Gereja Pentakosta di Indonesia Bangunjiwo;Gereja;Dn, Badut Lor RT 34, Argorejo, Sedayu, Bantul;Sedayu
13;Gereja Kristen Jawa Sedayu (Induk);Gereja;Jl. Wates Km 12, Argorejo, Sedayu, Bantul;Sedayu
14;Gereja Kristen jawa Sedayu Panthan Kaliurang;Gereja;Jl Puring, Kaliberot, Argomulyo, Sedayu, Bantul;Sedayu
15;Gereja Kristen jawa Sedayu Panthan Sungapan;Gereja;Sungapan, Argodadi, Sedayu, Bantul;Sedayu
16;Gereja Kristen jawa Sedayu Panthan Sengon;Gereja;Atgomulyo, Sedayu, Bantul;Sedayu
17;Gereja Kerasulan Baru di Indonesia Wonocatur;Gereja;Gubug, Argorejo, Sedayu, Bantul;Sedayu
18;Gereja Pentakosta di Indonesia Wonocatur;Gereja;Wonocatur 354, Rt 06 Banguntapan, Bantul;Banguntapan
19;Gereja Kristen Jawa Wonocatur;Gereja;Jl . Cendrawasih 486, Wonocatur Rt 11 Rw 25, Banguntapan, Bantul;Banguntapan
20;Gereja Penyebaran Indonesia Banguntapan;Gereja;Jl. Kenangan 441 Rt 13 KD V, Karangjambe, Banguntapan, Bantul;Banguntapan
21;Gereja Siloam Injil Wonocatur;Gereja;Wonocatur 443, Rt 09/26, Banguntapan, Bantul;Banguntapan
22;Gereja Kristen Jawa Karangbendo;Gereja;Karangbendo, Banguntapan, Bantul;Banguntapan
23;Gereja Kristen Jawa Tanjungtirta Panthan Piyungan;Gereja;Pitungan, Bantul;Piyungan
24;Gereja Kristen Jawa Tanjungtirta Panthan  Mojosari;Gereja;Mojosari, Sitimulyo, Piyungan, Bantul;Piyungan
25;Gereja Kristen Jawa Patalan Panthan Imogiri;Gereja;Wukirsari, Imogori, Bantul;Imogiri
26;Gereja Kerasulan Baru Indonesia Nogosari;Gereja;Nogosari, Wukirsari, Imogiri, Bantul;Imogiri
27;Gereja Pentakosta di Indonesia Imanuel Gesikan;Gereja;Gesikan 4 Rt 06 Wijirejo, Pandai, Bantul;Pandak
28;Gereja Kristen Jawa Bantul Panthan Siangan;Gereja;Siyangan, Pandak, Bantul;Pandak
29;Gereja Kristen Jawa Jodog;Gereja;Nopaten Rt 05, Karangasem, Gilangharjo, Pandak, Bantul;Pandak
30;Gereja Jemaat Kristus Indonesia Seropan;Gereja;Seropan II, Muntuk, Dlingo, Bantul;Dlingo
31;Gereja Sahabat Dlingo;Gereja;Log Putih, Jati Mulyo, Dlingo, Bantul;Dlingo
32;Gereja Kristen Jawa Sidomulyo (Induk);Gereja;Jl. Parangtritis km 21, Tegalbelan, Kuwon, Sidomulyo, Bambanglipuro, Bantul;Bambanglipuro
33;Gereja Kristen Jawa Panthan Ngireng ireng;Gereja;Ngireng ireng, Sidomulyo, Bambanglipuro, Bantul;Bambanglipuro
34;Gereja Kerasulan Baru Indonesia Cangkring;Gereja;Pelemantung,  Sumbermulyo, Bambanglipuro, Bantul;Bambanglipuro
35;Gereja Kristen jawa Sidomulyo Panthan Parangtritis;Gereja;Duwuran, Parangtritis, Kretek, Bantul;Kretek
36;Gereja Kristen Anugerah Victory Parangtritis;Gereja;Mancingan IX, Parangtritis, Kretek, Bantul;Kretek
37;Gereja Masehi Advend Hari Ketujuh Pajangan;Gereja;Ngetak, Pajangan, Bantul;Pajangan
38;Gereja Kristen Jawa Gunturgeni;Gereja;DK VII Gunturgeni Rt 01, Poncosari, S;Srandakan
39;Gereja Kristen Jawa Patalan;Gereja;Jl. Parangtritis Km 15 Patalan, Jetis, Bantul;Jetis
40;Gereja Kristen Jawa Sumberagung;Gereja;Sawo, Sumberagung, Jetis, bantul;Jetis
41;Gereja Kristen Jawa Canden;Gereja;Sraten, Canden, Jetis, Bantul;Jetis
42;Gereja Kristen Jawa Pundong;Gereja;Piring, Srihardono, Pundong, Bantul;Pundong
43;Gereja Kristen Muria Indonesia Pundong;Gereja;Baran, Srihardono, Pundong;Pundong
