1;Gereja Kristen Ngupasan;Gereja;Jl. Bhayangkara No 25 Yogyakarta;Ngampilan
2;"Gereja Sidang Jemaat Allah ""Haleluya""";Gereja;Jl. Jend. Suprapto No 4 Yogyakarta;Ngampilan
3;Gereja Kristen Indonesia Wongsodirjan;Gereja;Jl. Wongsodirjan No 22 Yogyakarta;Jetis
4;Gereja Kristen Indonesia Pos TK - SD Budya Wacana;Rumah Kebaktian;Jl. Kranggan No 11 Cokrodinengratan Yogyakarta;Jetis
5;Gereja Kristen Jawa SD BOPKRI Gondolayu;Rumah Kebaktian;Jl. Jendral Sudirman No 24 Gowongan;Jetis
6;Gereja Pentakosta di Indonesia Jemaat Tugu;Rumah Kebaktian;Jl. Diponegoro Pasar Kranggan Yogyakarta;Jetis
7;Gereja Yesus Kristus Orang Suci Jaman Akhir;Gereja;Jl. Diponegoro No 93 Bumijo Yogyakarta;Jetis
8;Gereja Kristen Muria Indonesia;Gereja;Jl. Jati Pingit Kidul JT I / 8 - 11 Yogyakarta;Jetis
9;Gereja Kemah Injil Indonesia;Gereja;Jl. Tentara Rakyat Mataram No 29 Yogyakarta;Jetis
10;Gereja Metodis Indonesia;Gereja;Jl. Jati Pingit JT 1 / 31 Yogyakarta;Jetis
11;Gereja Kristus Yesus;Gereja;Jl. Kranggan No 7 Yogyakarta;Jetis
12;"Gereja Sidang Jemaat Allah ""Elim""";Gereja;Jl Bumijo No 26 Yogyakarta;Jetis
13;Gereja Injil Reform Indonesia;Gereja;Jl. Kranggan No 39 Cokrodinengratan Yogyakarta;Jetis
14;Saksi Saksi Yeuwah Indonesia;Rumah Kebaktian;Jl. Pakuningratan JT II / 47 Yogyakarta;Jetis
15;Gereja Kristen Indonesia Gondomanan;Gereja;Ledok Gondomanan 1 Yogyakarta;Gondomanan
16;Gereja Pentakosta di Indonesia Prawirodirjan;Gereja;Ledok Prawirodirjan GM II / 614 Yogyakarta;Gondomanan
17;Gereja Protestan Ind. Bagian Barat Margo Mulyo;Gereja;Jl. Margo Mulyo No 5 Ngupasan Yogyakarta;Gondomanan
18;Gereja Kristen Kalam Kudus;Gereja;Jl. Beskalan Lor No 3 Ngupasan Yogyakarta;Gondomanan
19;GBI Happy Family;Rumah Kebaktian;Jl. Urip Sumoharjo No 3 Terban Yogyakarta;Gondokusuman
20;Gereja Kristen Indonesia Pos SMP Budya Wacana;Rumah Kebaktian;Jl. Bung Tarjo No 11 Baciro;Gondokusuman
21;Gereja Kristen Jawa Sawokembar;Gereja;Jl. Dr Wahidin No 40 Yogyakarta;Gondokusuman
22;Gereja Kristen Jawa Samirono Baru;Gereja;Kepuh GK III / 905 Yogyakarta ;Gondokusuman
23;Gereja Baptis Indonesia Kurnia ;Gereja;Jl. Prof. Dr. Sarjito GK IV / 774 Yogyakarta;Gondokusuman
24;Gereja Baptis Indonesia Anugerah ;Gereja;Jl. Jendral Sudirman No 69 Yogyakarta;Gondokusuman
25;Gereja Misi Injil Indonesia Tiranus ;Gereja;Jl. Cik Di Tirto No 42 Yogyakarta;Gondokusuman
26;Gereja Kerasulan Baru di Indonesia Gendeng;Gereja;Gendeng GK IV / 744 Yogyakarta;Gondokusuman
27;Gereja Huria Kristen Batak Protestan;Gereja;Jl. I Dewa Nyoman Oka No 22 Yogyakarta;Gondokusuman
28;Gereja Kesatu Kristus Ahli Ilmu Pengetahuan;Gereja;Jl. Hadi Darsono No 4 Yogyakarta;Gondokusuman
29;GBI Bethani;Gereja;Jl. Flyover Dr Sutomo Komplek ek. Bioskup Mataram;Gondokusuman
30;GBI Keluarga Allah Grand Pelita;Rumah Kebaktian;Jl. Simanjuntak No 91 Yogyakarta;Gondokusuman
31;GBI Sudirman;Rumah Kebaktian;Jl. Sudirman No 59 Wisma Hartono Yogyakarta;Gondokusuman
32;Gereja Kristen Jawa Kotagede;Gereja;Depokan RT 130 Tinalan Yogyakarta;Kotagede
33;Gereja Pentakosta di Indonesia Gedongkuning;Gereja;Pingit JT II / 35 Yogyakarta;Kotagede
34;Gereja Pentakosta di Indonesia Pingit;Gereja;Jl. Kebon Raya KG I / 334 Yogyakarta;Kotagede
35;Gereja Kristen Jawa Mergangsan;Gereja;Jl. Tamansiwa No 166 Yogyakarta;Mergangsan
36;"Gereja Sidang Jemaat Pantekosta di Ind.""Bukit Sion""";Gereja;Bintaran Kidul MG 1 72 Yogyakarta;Mergangsan
37;Gereja Baptis Indonesia Nyutran;Gereja;Jl. Tamansiwa No 751 Yogyakarta;Mergangsan
38;Gereja Kristen Jawa Brayat Kinasih;Gereja;Miliran Muja Muju;Umbulharjo
39;Gereja Kristen Jawa Wirobrajan;Gereja;Jl. Kapten Tendean No 55 Yogyakarta;Wirobrajan
40;Gereja Betel Indonesia;Gereja;Kricak Kidul TR / 1 1355 Rt 29 Rw 07 Yogyakarta;Tegalrejo
41;Gereja Kristen Jawa Jatimulyo;Gereja;Jatimulyo TR 648 Yogyakarta;Tegalrejo
42;Gereja Kristen Jawa Tegalreko;Gereja;Gg. Buntu Tegalrejo Yogyakarta;Tegalrejo
43;Gereja Kristen Anugerah;Gereja;Jl. Peta No 10 / 1052 Yogyakarta;Tegalrejo
44;Gereja Kristen Alkitab Indonesia;Rumah Kebaktian;Jl. Bener No 42 Yogyakarta;Tegalrejo
45;Gereja Penyebaran Injil Sidomulyo;Gereja;Sidomulyo TR IV 433 Bener Yogyakarta;Tegalrejo
46;Gereja Jemaat Kristus Indonesia Tegalrejo;Gereja;Jl. Colektor Tegalrejo Yogyakarta;Tegalrejo
47;Gereja Kristen Tabernakel;Gereja;Jl. HOS Cokroaminoto No.164;Tegalrejo
48;Gereja Kristen Jawa Suryodiningratan;Gereja;Jl. Suyodiningratan No 32 Yogyakarta;Mantrijeron
49;Gereja Baptis Indonesia Ngadinegaran;Gereja;Jl. D.I, Panjaitan No 125 Yogyakarta;Mantrijeron
50;Gereja Pentakosta di Indonesia Hayam Wuruk;Gereja;Jl. Hayam Wuruk No 22 Yogyakarta;Danurejan
51;Gereja Pentakosta di Indonesia Sosrowijayan;Gereja;Sosrowijayan GT1 / 245 Yogyakarta;Gedong Tengen
52;"Gereja Kristus Rahmani Indonesia ""Eben Haezer""";Gereja;Jlagaran GT II / 208 Yogyakarta;Gedong Tengen
53;Gereja Kristen Alkitab Indonesia;Gereja;Keprakan Lor MG 1 / 1039 Yogyakarta;Mergangsan
54;Gereja Masehi Adven Hari Ketujuh;Gereja;Jl. Ipda Tut Harsono No 90 Muja Muju;Umbulharjo
55;Gereja Bala Keselamatan;Gereja;Jl. Kenari No 7 Muja Muju;Umbulharjo
56;Gereja Isa Almasih;Gereja;Jl. Muja muju UH 1 / 1355 Rt 29 Rw 07 Yogyakarta;Umbulharjo
