1;Gereja Krisen Jawa Tanjung Tirto 1;Gereja;Kaliajir Lor,Kalitirto,Berbah,Sleman;Berbah
2;Gereja Krisen Jawa Tanjung Tirto 2;Gereja;Teguhan,Kalitirto,Berbah,Sleman;Berbah
3;Gereja Pantekosta di Indonesia Maranatha;Rumah Kebaktian;Klayar,RT 5,RW 21,Sendangtirto,Berbah,Sleman;Berbah
4;Gereja Isa Almasih Bedlian;Rumah Kebaktian;Kaliajir Kidul,Kalitirto,Berbah,Sleman;Berbah
5;Gereja Bethel Indonesia Tirta Kencana;Rumah Kebaktian;Krandon RT 04,Kemasan,Sendangtirto,Berbah,sleman;Berbah
6;Gereja Pantekosta di Indonesia El Gibor;Gereja;Mangunan,Kalitirto,Berbah,Sleman;Berbah
7;Gereja Pantekosta di Indonesia Jragung;Gereja;Jragung RT 01 Jogotirto Berbah Sleman;Berbah
8;Gereja Kristen Indonesia Adisucipto;Rumah Kebaktian;Jagalan,Tegaltirto Jl.Jogja Solo KM.10,5;Berbah
9;Gereja kristen Alkitab Indonesia Berbah 1;Gereja;Berbah,RT 04,RW 01,Kalitirto,Berbah,Sleman;Berbah
10;Gereja kristen Alkitab Indonesia Berbah 2;Rumah Kebaktian;Jagalan,RT 06,RW 02,Tegaltirto,Berbah,Sleman;Berbah
11;Gereja Baptis Indonesia Bukit Zaitun;Rumah Kebaktian;Balangan,Wukirsari,Cangkringan;Cangkringan
12;Gereja Injl di Indonesia;Rumah Kebaktian;Tegalbarep,Wukirsari,Cangkringan;Cangkringan
13;Gereja Kristen Jawa Pakem Panthan Selorejo;Gereja;Selorejo,Wukirsari,Cangkringan;Cangkringan
14;Gereja Kristen Jawa Ambarrukma;Gereja;Jl.Ampel No 4 Ambarrukma,Caturtunggal,Depok,Sleman;Depok
15;"Gereja Pentakosta di Indonesia ""Ambarrukma""";Rumah Kebaktian;Ambarrukma Blok II No,107 Maguwoharjo Depok;Depok
16;Gereja Gerakan Pantekosta Kembang;Rumah Kebaktian;Kembang RT 1/RW 61 Maguwoharjo Depok;Depok
17;Gereja Bethel Indonesia Bethesda;Gereja;Jl.Solo KM 9 RTT 04 / RW 02 Kembang,Maguwoharjo,Depok;Depok
18;Gereja Isa Almasih Jemaat TPR Colombo;Rumah Kebaktian;Jl. Komplek Colombo 2 Depok,Sleman;Depok
19;Gereja Baptis Indonesia Anugerah Tuhan;Rumah Kebaktian;Gandekan Jl.Solo,KM 8 RT 01/24 Nayan,Maguwoharjo,Depok,Sleman;Depok
20;Gereja Kristen Nazarene Gloria;Gereja;Jenengan, RT/RW 01/07 Maguwoharjo,Depok;Depok
21;Gereja Kristen Jawa Maguwoharjo;Gereja;Kembang,Maguwoharjo Depok,Sleman;Depok
22;"Gereja Jemaat Kristus Indonesia ""Nanggulan""";Rumah Kebaktian;Jl.Riang Gembira,Nanggulan RT.15/19 No.27,Maguwoharjo,Depok,Sleman;Depok
23;Gereja Pantekosta di Indonesia Sion;Rumah Kebaktian;Jl.Adisucipto,KM 9 RT 2 RW 61;Depok
24;Gereja Kristen Nazarene Babarsari;Gereja;Jl.Babarsari No 23 CT Depok;Depok
25;Gereja Kristen Kemah Daud Yogyakarta;Gereja;Villa Seturan Indah Blok D-10,CT Depok;Depok
26;Gereja Baptis Indonesia Efata Babarsari;Gereja;Komp.Yadara,Blok VI/6 Babarsari;Depok
27;Gereja Kristen Jawa Condongcatur;Gereja;Jl.Wijaya Kusuma II/344 Perumnas Condongcatur,Depok;Depok
28;Gereja Pentakosta di Indonesia El Asa;Rumah Kebaktian;Jl.Candi Gebang No 52 Condongcatur,Depok,Sleman;Depok
29;Gereja Baptis Indonesia Kayen;Rumah Kebaktian;Jl Kaliurang KM 7 Gang Anggrek 64 Katen;Depok
30;Gereja Kristen Jawa Ambarrukma Panthan Nologaten;Gereja;Jl Kedaung 37 Nologaten CT;Depok
31;Gereja Kristen Jaawa Sarimulyo;Gereja;Jl.Kaliurang Km 5,6 Gg.Pandega Bakti 20 A;Depok
32;Gereja Kristen Indonesia Gejayan;Gereja;Jl. Jembatan Merah D 84 Prayun Kulon,Condongcatur;Depok
33;"Gereja Pentakosta di Indonesia ""Maguwoharjo""";Gereja;Ds.Kembang RT 02/61 Maguwoharjo,Depok,Sleman;Depok
34;Gereja Kristen Jawa Demakijo;Gereja;Modinan GP III/38 Banyuraden,Gamping,Sleman;Gamping
35;Gereja Baptis Indonesia Demakijo;Gereja;Cokrowijayan,Banyuraden,Gamping;Gamping
36;Gereja Isa Almasih Mejing Kidul;Gereja;Mejingkidul Ambarketawang;Gamping
37;Gereja Pentakosta di Indonesia Jemaat Anugerah;Gereja;Perum Jatisawit R14 Balecatur;Gamping
38;Geraja Pentakosta di Indonesia El Roi;Rumah Kebaktian;Tegalyoso RT 3 RW 7 Banyuraden;Gamping
39;Gereja Pentakosta di Indonesia Mejing Wetan;Rumah Kebaktian;Mejing Wetan RT 98/RW 09 Ambarketawang;Gamping
40;Gereja Kristen Jawa Rewulu Panthan Gamping;Rumah Kebaktian;Gamping Tengah Ambarketawang;Gamping
41;Gereja Kristen Jawa Rewulu Panthan Sumber Gamol;Rumah Kebaktian;Sumber Gamol Balecatur;Gamping
42;Gereja Pentakosta di Indonesia Efrata;Gereja;Kajor,Nogogtirto,Gamping;Gamping
43;Gereja Pantekosta Elroy;Rumah Kebaktian;Tegalyoso,Banyuraden,Gamping;Gamping
44;Gereja Baptis Victory;Rumah Kebaktian;Perum Nogotirto,Guyangan;Gamping
45;Gereja Kristen Jawa Demakijo Panthan Sanggrahan;Gereja;Sanggrahan,Sidomoyo,Godean;Godean
46;Gereja Kristen Jawa Ngento-ento Panthan Sidorejo;Gereja;Sidorejo,Godean;Godean
47;Gereja Kristen Jawa Rewulu;Gereja;Gancahan V,Sidomulyo,Godean,Sleman;Godean
48;Gereja Kristen Jawa Rewuulu Panthan Gancahan VIII;Gereja;Sumber Gamol,Gancahan VIII,Godean;Godean
49;Gereja Baptis Indonesia Sidomoyo;Gereja;Tegalan,Sidomoyo,Godean,Sleman;Godean
50;Gereja Kristen Jawa Rewulu Panthan Godean;Gereja;Godean,Sleman;Godean
51;Gereja Bethel Indonesia Miracle Service;Rumah Kebaktian;Sembuh Kidul,RT 02 RW 07 Sidomoyo Godean Sleman;Godean
52;Gereja Misi Injil Indonesia;Rumah Kebaktian;Gampar Kepatihan,Tamanmartani;kalasan
53;Gereja Presyiterian Injil Indonesia Eben-Haezer;Rumah Kebaktian;Sambiroto,Bulusawit,Purwomartani,Kalasan,Sleman;kalasan
54;Gereja Kristen Alkitab Indonesia Makedonia;Gereja;Kadirojo II,RT 04 RW 1,Purwomartani;kalasan
55;Gereja Kristen Nazarene Agape;Rumah Kebaktian;Komplek STTNI Kadisoka;kalasan
56;Gereja Kristus Rahmani Indonesia Dunamis;Rumah Kebaktian;Jl.Pisang Juwangen, RT 05 RW 01,Purwomartani,Kalasan,Sleman;kalasan
57;Gereja Kemah Injil Indonesia Sorogenen;Rumah Kebaktian;Sorogenen,Purwomartanni,Kalasan;kalasan
58;Gereja Injil di Tanah Jawa Yogyakarta;Rumah Kebaktian;Jl.Candisambisari,Kadirejo RT 01 RW 01 Purwomatani;kalasan
59;Gereja Perhimpunan Injil Baptis Indonesia Amanat Agung;Gereja;Cupuwatu I,Purwomartani,Kalasan 55571;kalasan
60;Gereja Kristen Jawa Tulung;Gereja;Dusun Tulung,Tamanmartani,Kalasan;kalasan
61;Gereja Bethel Indonesia Shalom;Rumah Kebaktian;Jl.Solo KM 9,Sorogeneh,Kalasan;kalasan
62;Gereja kerasulan Baru Indonesia Kebonagung;Gereja;Jomboran,Senangangung,Minggir 55562;Minggir
63;Gereja Kristen Jawa Kebonagung;Gereja;Tromol Pos 34 Minggir,Sleman;Minggir
64;Gereja Kristen Indonesia Palagan;Rumah Kebaktian;Jl Ringroas Utara,Ngaglik,Sleman;Mlati
65;Gereja Bethel Indonesia The Seed Yogya;Rumah Kebaktian;Jl. Magelang Km 6,3 Jombor;Mlati
66;Gereja Kristen Jawa Jatimulyo Pantan Mlati;Gereja;Mlati,Sleman;Mlati
67;Gereja Kristen Protestan Indonesia;Gereja;Jl.Magelang KM 4,5 Rogoyudan,Sinduadi,Mlati,Sleman;Mlati
68;Gereja Kristen Jawa Medari Panthan Cebongan;Gereja;Bediding Wetan;Mlati
69;Gereja Baptis Indonesia Gesang Langgeng;Gereja;Pogung Kidul Sia 16/V/7A Sinduadi,Mlati;Mlati
70;Gereja Presyiterian Injil Indonesia El Shaddai;Rumah Kebaktian;Perum Sleman Permai 2 Blok D No 26 Sanggrahan Tlogodadi,Mlati,Sleman;Mlati
71;Gereja Pentakkosta di Indonesia Sola Gratia Cebongan;Gereja;Cebongan Lor RT 04 RW 05 Tlogodadi,Mlati,Sleman;Mlati
72;Gereja Pentakosta di Indonesia El Elyon;Rumah Kebaktian;Pogung Dalangan RT 12/50 No 14 Sinduadi,Mlati,Sleman;Mlati
73;Gereja Bethel Tabernakel Indonesia Sinduadi;Rumah Kebaktian;Kutu,Mlati;Mlati
74;Gereja Bethel Indonesia Aletheia;Gereja;Jl.Magelang 141-143 RT 006/RW 012 Roguyudan,Sinduadi,Mlati,Sleman;Mlati
75;Gereja Kristen Jawa Ngento-ento ;Gereja;Jl Godean KM 13 Sumberan,Sumberagung,Moyudan;Moyudan
76;Gereja Bethel Indonesia Perwita;Rumah Kebaktian;Perumahan Griya Perwita Wisata Jl.Kaliurang JM 13,Besi,Ngaglik,Sleman;Ngaglik
77;Gereja Kristen Jawa Dayu;Gereja;Jl.Damai,Dayu,Sinduharjo,Ngaglik,Sleman;Ngaglik
78;Gereja Kristen Jawa Minomartani;Gereja;Jl.Bandeng VIII/01 Minomartani,Ngaglik,Sleman;Ngaglik
79;Gereja Kristen Protestan Simalunun;Gereja;Jl.Monjali Gg.Mistar RT09/30 Sariharjo,Ngaglik,Sleman;Ngaglik
80;Gereja Batak Karo Protestan;Gereja;Jl.Monjali Nandan 09/39,Sariharjo,Ngaglik;Ngaglik
81;Gereja Kerasulan Baru Indonesia Kayen;Gereja;Kayen,Wedomartani,Ngemplak 55584;Ngemplak
82;Gereja Kerasulan Baru Indonesia Jetis;Gereja;Jetis,Wedomartani,Ngemplak 55584;Ngemplak
83;Gereja Pentakosta di Indonesia Gondanglegi;Rumah Kebaktian;Perum Mitra Griya Asri ,Pucanganom,Wedomartani,Ngemplak;Ngemplak
84;Gereja Kristen Jawa Pakem ;Gereja;Jl.kaliurang KM 18,5 Kertodadi,Pakembinangun,Pakem;Pakem
85;Gereja Kristen Jawa Pakem Panthan Pantiasih;Gereja;Purworejo,Hargobinangun,Pakem;Pakem
86;Gereja Kristen Jawa Pakem Panthan Tanen;Gereja;Tanen,Hargobinangun,Pakem;Pakem
87;"Gereja Kristus Tuhan Indonesia ""Jemaat Randusan""";Gereja;Jl. Turgo,Randusari,Purwobinangun,Pakem,Sleman;Pakem
88;Gereja Pentakosta di Indonesia Kaliurang;Gereja;Kaliurang,Pakem,Sleman;Pakem
89;Gereja Pentakosta di Indonesia Anugerah;Rumah Kebaktian;Sudimoro,Purwobinangun,Pakem,Sleman;Pakem
90;Gereja Kristen Alkitan Indonesia Kasih Karunia;Rumah Kebaktian;Mutihan,Madurejo,Prambanan;Prambanan
91;Gereja Kristen Alkitab Indonesia;Rumah Kebaktian;Permata Asri Blok C No 27 Prambanan;Prambanan
92;Gereja Baptis Indonesia Prambanan;Rumah Kebaktian;Berp,Kebon Dalem Kidul,Prambanan;Prambanan
93;Gereja Kasih Karunia Indonesia;Gereja;Kranggan 298,Bokoharjo,Prambanan;Prambanan
94;"Gereja Pentakosta di Indonesia ""Gangsiran""";Gereja;Gangsiran RT 02/06 Madurejo,Prambanan,Sleman;Prambanan
95;Gereja Kristen Alkitab Indonesia Alfa Omega;Rumah Kebaktian;Tobayan,Madurejo,Prambanan;Prambanan
96;Gereja Kristen Jawa Tanjungtirto Panthan Delegan;Gereja;Delegan,Madurejo,Prambanan,Sleman;Prambanan
97;Gereja Kristen Jawa Medari Panthan Japanan;Gereja;Japanan,Seyegan,Sleman;Seyegen
98;Gereja Isa Almasih Jemaat TPI Ngentak;Rumah Kebaktian;Ngentak RT 02 RW 28 Margolowih,Sayegan,Sleman;Seyegen
99;Gereja Baptis Indonesia Sleman;Rumah Kebaktian;Jl.Magelang Km 11,1 Dukuh, RT 01/RW 17 Tridadi;Seyegen
100;Gereja Kerasulan Baru Indonesia Beran;Rumah Kebaktian;Jl KRT Pringgodiningrat,Sleman;Seyegen
101;Gereja Bethel Indonesia Teleois;Rumah Kebaktian;Savita Inn,Jl Palagan Sleman;Seyegen
102;Gereja Kerasulan Baru Indonesia Gabungan ;Gereja;Gabungan,Pendowoharjo,Sleman;Sleman
103;Gereja Kristen Jawa Medari ;Rumah Kebaktian;gg.Cendrawasih No 1 RT 14 RW 30 Murangan Kring VIII,Triharjo;Sleman
104;Gereja Bethel Indonesia Pondok Daud;Rumah Kebaktian;Perum Sleman Permain II Blok C No 18;Sleman
105;Gereja Kristen Jawa Medari Panthan Mancasan;Gereja;Mancasan,Pandowoharjo,Sleman;Sleman
106;Gereja Kristen Jawa Medari Panthan Tempel;Gereja;Kromodangsan,Lumbungrejo,Tempel;Tempel
