SURYATMAJAN;Kristen;98;116;214
SURYATMAJAN;Katolik;316;325;641
SURYATMAJAN;Hindu;5;6;11
SURYATMAJAN;Buddha;10;18;28
SURYATMAJAN;Konghucu;2;1;3
SURYATMAJAN;Aliran Kepercayaan;0;0;0
TEGALPANGGUNG;Kristen;290;361;651
TEGALPANGGUNG;Katolik;375;456;831
TEGALPANGGUNG;Hindu;0;2;2
TEGALPANGGUNG;Buddha;12;16;28
TEGALPANGGUNG;Konghucu;0;0;0
TEGALPANGGUNG;Aliran Kepercayaan;0;0;0
BAUSASRAN;Kristen;222;238;460
BAUSASRAN;Katolik;302;379;681
BAUSASRAN;Hindu;2;2;4
BAUSASRAN;Buddha;3;1;4
BAUSASRAN;Konghucu;0;0;0
BAUSASRAN;Aliran Kepercayaan;0;1;1
