REJOWINANGUN;Kristen;264;268;532
REJOWINANGUN;Katolik;312;332;644
REJOWINANGUN;Hindu;10;8;18
REJOWINANGUN;Buddha;7;9;16
REJOWINANGUN;Konghucu;0;0;0
REJOWINANGUN;Aliran Kepercayaan;0;0;0
PRENGGAN;Kristen;161;199;360
PRENGGAN;Katolik;142;166;308
PRENGGAN;Hindu;3;2;5
PRENGGAN;Buddha;2;1;3
PRENGGAN;Konghucu;0;0;0
PRENGGAN;Aliran Kepercayaan;0;0;0
PURBAYAN;Kristen;37;41;78
PURBAYAN;Katolik;56;69;125
PURBAYAN;Hindu;0;0;0
PURBAYAN;Buddha;0;0;0
PURBAYAN;Konghucu;0;0;0
PURBAYAN;Aliran Kepercayaan;0;0;0
