TEGALREJO;kristen;1.480;1.681;3.161
TEGALREJO;katolik;1715;1923;3638
TEGALREJO;hindu;13;10;23
TEGALREJO;buddha;36;49;85
TEGALREJO;konghucu;2;0;2
TEGALREJO;aliran kepercayaan;0;0;0
JETIS;kristen;1233;1426;2659
JETIS;katolik;1746;1969;3715
JETIS;hindu;7;9;16
JETIS;buddha;87;74;161
JETIS;konghucu;8;5;13
JETIS;aliran kepercayaan;1;0;1
GONDOKUSUMAN;kristen;2498;2744;5242
GONDOKUSUMAN;katolik;2200;2692;4892
GONDOKUSUMAN;hindu;69;57;126
GONDOKUSUMAN;buddha;47;52;99
GONDOKUSUMAN;konghucu;2;2;4
GONDOKUSUMAN;aliran kepercayaan;2;5;7
DANUREJAN;kristen;610;715;1325
DANUREJAN;katolik;993;1160;2153
DANUREJAN;hindu;7;10;17
DANUREJAN;buddha;25;35;60
DANUREJAN;konghucu;2;1;3
DANUREJAN;aliran kepercayaan;0;1;1
GEDONGTENGEN;kristen;797;887;1684
GEDONGTENGEN;katolik;1243;1393;2636
GEDONGTENGEN;hindu;13;7;20
GEDONGTENGEN;buddha;76;108;184
GEDONGTENGEN;konghucu;3;0;3
GEDONGTENGEN;aliran kepercayaan;1;0;1
NGAMPILAN;kristen;438;496;934
NGAMPILAN;katolik;683;814;1497
NGAMPILAN;hindu;10;11;21
NGAMPILAN;buddha;34;34;68
NGAMPILAN;konghucu;1;0;1
NGAMPILAN;aliran kepercayaan;0;0;0
WIROBRAJAN;kristen;559;599;1158
WIROBRAJAN;katolik;1746;1995;3741
WIROBRAJAN;hindu;22;20;42
WIROBRAJAN;buddha;34;29;63
WIROBRAJAN;konghucu;0;0;0
WIROBRAJAN;aliran kepercayaan;2;5;7
MANTRIJERON;kristen;646;732;1378
MANTRIJERON;katolik;1961;2176;4137
MANTRIJERON;hindu;12;15;27
MANTRIJERON;buddha;37;41;78
MANTRIJERON;konghucu;0;0;0
MANTRIJERON;aliran kepercayaan;0;1;1
KRATON;kristen;267;298;565
KRATON;katolik;1223;1362;2585
KRATON;hindu;9;10;19
KRATON;buddha;1;1;2
KRATON;konghucu;0;0;0
KRATON;aliran kepercayaan;1;0;1
GONDOMANAN;kristen;753;873;1626
GONDOMANAN;katolik;943;999;1942
GONDOMANAN;hindu;3;6;9
GONDOMANAN;buddha;75;82;157
GONDOMANAN;konghucu;0;0;0
GONDOMANAN;aliran kepercayaan;1;0;1
PAKUALAMAN;kristen;328;376;704
PAKUALAMAN;katolik;704;846;1550
PAKUALAMAN;hindu;16;10;26
PAKUALAMAN;buddha;10;21;31
PAKUALAMAN;konghucu;0;0;0
PAKUALAMAN;aliran kepercayaan;0;0;0
MERGANGSAN;kristen;875;1025;1900
MERGANGSAN;katolik;1318;1544;2862
MERGANGSAN;hindu;27;16;43
MERGANGSAN;buddha;27;32;59
MERGANGSAN;konghucu;0;0;0
MERGANGSAN;aliran kepercayaan;0;0;0
UMBULHARJO;kristen;1411;1467;2878
UMBULHARJO;katolik;2182;2481;4663
UMBULHARJO;hindu;33;33;66
UMBULHARJO;buddha;56;49;105
UMBULHARJO;konghucu;0;0;0
UMBULHARJO;aliran kepercayaan;6;4;10
KOTAGEDE;kristen;462;508;970
KOTAGEDE;katolik;510;567;1077
KOTAGEDE;hindu;13;10;23
KOTAGEDE;buddha;9;10;19
KOTAGEDE;konghucu;0;0;0
KOTAGEDE;aliran kepercayaan;0;0;0
