GEDONGKIWO;Kristen;268;310;578
GEDONGKIWO;Katolik;844;857;1.701
GEDONGKIWO;Hindu;7;9;16
GEDONGKIWO;Buddha;13;21;34
GEDONGKIWO;Konghucu;0;0;0
GEDONGKIWO;Aliran Kepercayaan;0;0;0
SURYODININGRATAN;Kristen;195;227;422
SURYODININGRATAN;Katolik;712;844;1.556
SURYODININGRATAN;Hindu;2;3;5
SURYODININGRATAN;Buddha;7;5;12
SURYODININGRATAN;Konghucu;0;0;0
SURYODININGRATAN;Aliran Kepercayaan;0;1;1
MANTRIJERON;Kristen;183;195;378
MANTRIJERON;Katolik;405;475;880
MANTRIJERON;Hindu;3;3;6
MANTRIJERON;Buddha;17;15;32
MANTRIJERON;Konghucu;0;0;0
MANTRIJERON;Aliran Kepercayaan;0;0;0
