KRICAK;Kristen;653;707;01.36
KRICAK;katolik;525;587;1.112
KRICAK;Hindu;3;2;5
KRICAK;Buddha;16;29;45
KRICAK;Konghucu;0;0;0
KRICAK;Aliran Kepercayaan;0;0;0
KARANGAWARU;Kristen;324;360;684
KARANGAWARU;katolik;365;400;765
KARANGAWARU;Hindu;5;2;7
KARANGAWARU;Buddha;10;9;19
KARANGAWARU;Konghucu;1;0;1
KARANGAWARU;Aliran Kepercayaan;0;0;0
TEGALREJO;Kristen;332;408;740
TEGALREJO;katolik;595;664;1.259
TEGALREJO;Hindu;3;0;3
TEGALREJO;Buddha;5;9;14
TEGALREJO;Konghucu;1;0;1
TEGALREJO;Aliran Kepercayaan;0;0;0
BENER;Kristen;171;206;377
BENER;katolik;230;272;502
BENER;Hindu;2;6;8
BENER;Buddha;5;2;7
BENER;Konghucu;0;0;0
BENER;Aliran Kepercayaan;0;0;0
