SEMAKI;Kristen;111;117;228
SEMAKI;katolik;235;262;497
SEMAKI;Hindu;4;1;5
SEMAKI;Buddha;8;5;13
SEMAKI;Konghucu;0;0;0
SEMAKI;Aliran Kepercayaan;0;0;0
MUJA-MUJU;Kristen;440;405;845
MUJA-MUJU;katolik;588;642;01.23
MUJA-MUJU;Hindu;9;4;13
MUJA-MUJU;Buddha;23;24;47
MUJA-MUJU;Konghucu;0;0;0
MUJA-MUJU;Aliran Kepercayaan;2;0;2
TAHUNAN;Kristen;194;208;402
TAHUNAN;katolik;410;432;842
TAHUNAN;Hindu;11;10;21
TAHUNAN;Buddha;4;3;7
TAHUNAN;Konghucu;0;0;0
TAHUNAN;Aliran Kepercayaan;0;0;0
WARUNGBOTO;Kristen;160;160;320
WARUNGBOTO;katolik;270;300;570
WARUNGBOTO;Hindu;6;5;11
WARUNGBOTO;Buddha;1;1;2
WARUNGBOTO;Konghucu;0;0;0
WARUNGBOTO;Aliran Kepercayaan;0;0;0
PANDEYAN;Kristen;207;249;456
PANDEYAN;katolik;314;392;706
PANDEYAN;Hindu;0;2;2
PANDEYAN;Buddha;7;7;14
PANDEYAN;Konghucu;0;0;0
PANDEYAN;Aliran Kepercayaan;3;4;7
SOROSUTAN;Kristen;215;236;451
SOROSUTAN;katolik;233;288;521
SOROSUTAN;Hindu;0;6;6
SOROSUTAN;Buddha;11;7;18
SOROSUTAN;Konghucu;0;0;0
SOROSUTAN;Aliran Kepercayaan;1;0;1
GIWANGAN;Kristen;84;92;176
GIWANGAN;katolik;132;165;297
GIWANGAN;Hindu;3;5;8
GIWANGAN;Buddha;2;2;4
GIWANGAN;Konghucu;0;0;0
GIWANGAN;Aliran Kepercayaan;0;0;0
